,,,,,,,,,,,,,,,,,,,,,,
ＮＯ,受注,ベース,材質,種別１,種別２,ＪＡＮ,表示,デザイン,すみ分け,付加,付加,産地,銘柄,ＫＧ,画像,詳細,,,,,,
1,1096306,594,小袋中,【食味王】,―,―,表示,デザイン,定番化,―,―,青森県,青天の霹靂,1,https://www.dropbox.com/scl/fi/w3bs8xzrg6r7lravxb6oc/1096306A.jpg?rlkey=mnz2huwn6yo0vgfiz4y7tfl0r&st=tfka2s8x&dl=0,,,,,,,
2,1238247,594,小袋中,【食味王】,―,―,表示,デザイン,定番化,―,脱酸素剤,青森県,青天の霹靂,1,https://www.dropbox.com/scl/fi/qdtkocqieg1qvvi9mfm8w/1238247A.jpg?rlkey=efoeyuhihwflx0wf5wccegs2p&st=0w6mmywx&dl=0,,,,,,,
8,1037924,594,小袋中,【食味王】,―,―,表示,デザイン,スポット中心,―,―,青森県,まっしぐら,1,https://www.dropbox.com/scl/fi/ir8glqq7rtod1vxqgyxe5/1037924A.jpg?rlkey=kxw0qsjdpo9m99jfx19ve6kig&st=n02xhnpn&dl=0,,,,,,,
10,1205763,594,小袋中,【食味王】,―,ＪＡＮ,表示,デザイン,終了,―,―,秋田県,あきたこまち,1,https://www.dropbox.com/scl/fi/yg1jxmgx1pb48emadimk3/1205763A.jpg?rlkey=srjqnf2s0bnq3zco8ez8sygm2&st=1t0h4uwk&dl=0,25年5月迄,,,,,,
11,1227164,594,小袋中,【食味王】,―,―,表示,デザイン,定番化,―,脱酸素剤,秋田県,あきたこまち,1,https://www.dropbox.com/scl/fi/fuh0bcz37sovjbn5pkekz/1227164A.jpg?rlkey=9od9ow4cuem8d1qmo3tmh4ynu&st=27pbsp9u&dl=0,,,,,,,
16,1197576,594,小袋中,【食味王】,―,―,表示,デザイン,終了,―,―,秋田県,サキホコレ,1,https://www.dropbox.com/scl/fi/sd2shwaxkphv299nc75fm/1197576A.jpg?rlkey=l8wdguntx9w1ssm7x77fb48in&st=xyyejr11&dl=0,,,,,,,
18,1222115,594,小袋中,【食味王】,―,ＪＡＮ,表示,デザイン,終了,特栽米,―,秋田県大潟村,あきたこまち,1,https://www.dropbox.com/scl/fi/uaeuo3oe09dgy7uhhjfzo/1222115A.jpg?rlkey=jgwpus7ag6uj9og7z35vaisf9&st=xa2aikks&dl=0,,,,,,,
19,1032950,594,小袋中,【食味王】,―,―,表示,デザイン,定番化,特栽米,―,秋田県大潟村,あきたこまち,1,https://www.dropbox.com/scl/fi/xao9aeka0v3z8ugrei804/1032950A.jpg?rlkey=ykrshqwkancywz6dp7as0bg9t&st=dfyd0lo6&dl=0,"ごっつお便
26年3月迄",,,,,,
20,1240058,594,小袋中,【食味王】,―,―,表示,デザイン,定番化,特栽米,ガイドライン,秋田県大潟村,あきたこまち,1,https://www.dropbox.com/scl/fi/st916lvm8dbabugwdbdoy/1240058A.jpg?rlkey=ubbkmi4ywg00wyitvkweokoi5&st=62qydz1s&dl=0,"ごっつお便
26年3月迄",,,,,,
26,1036937,594,小袋中,【食味王】,―,―,表示,デザイン,定番化,棚田米,―,石川県能登,コシヒカリ,1,https://www.dropbox.com/scl/fi/6cd21xfr0y1cvnfm26w6x/1036937A.jpg?rlkey=3jqirpbbaexee8jsyhmgi3l4k&st=3b1wbhgb&dl=0,,,,,,,
29,1251123,594,小袋中,【食味王】,―,―,表示,デザイン,,―,―,石川県奥能登,コシヒカリ,1,https://www.dropbox.com/scl/fi/2e6o0aaunaj4lenee6379/1251123A.jpg?rlkey=hcif681c58hlc4npdubwknfx0&st=jw6q2r87&dl=0,,,,,,,
32,1096305,594,小袋中,【食味王】,―,―,表示,デザイン,定番化,―,―,岩手県,銀河のしずく,1,https://www.dropbox.com/scl/fi/vjaoykfr93xaj13ysz2uv/1096305A.jpg?rlkey=8ysk0e8950pd80jp3h94uupm7&st=4qw0dxhz&dl=0,,,,,,,
38,1035325,594,小袋中,【食味王】,―,―,表示,デザイン,スポット中心,―,―,香川県,おいでまい,1,https://www.dropbox.com/scl/fi/xlz0zzvth7hosojrt6mvo/1035325A.jpg?rlkey=2ws0m2f82z6e3ennhgxg53hly&st=5891buun&dl=0,,,,,,,
39,1217643,594,小袋中,【食味王】,―,―,表示,デザイン,スポット中心,―,脱酸素剤,香川県,おいでまい,1,https://www.dropbox.com/scl/fi/radfkyoy8lpqj3pvb5l6a/1217643A.jpg?rlkey=7dq9dv8l2tginof63yefh0ak7&st=pxk7vjjg&dl=0,,,,,,,
42,1206755,594,小袋中,【食味王】,―,―,表示,デザイン,スポット中心,―,脱酸素剤,岐阜県高山市,コシヒカリ,1,https://www.dropbox.com/scl/fi/eravt1ht46ikamfssclz8/1206755A.jpg?rlkey=pqj92b9x8rs2b16cbtbtee1rn&st=158c46pm&dl=0,,,,,,,
43,1037927,594,小袋中,【食味王】,―,―,表示,デザイン,スポット中心,―,―,岐阜県高山市,コシヒカリ,1,https://www.dropbox.com/scl/fi/umkr3fr73mbq74yspuuuu/1037927A.jpg?rlkey=oqoz1r86z8jtsy6x5u9omimx7&st=lerbfh6y&dl=0,,,,,,,
46,1192710,594,小袋中,【食味王】,ガイドライン入,―,表示,デザイン,スポット中心,特栽米,―,京都府,京式部,1,https://www.dropbox.com/scl/fi/1bjhngx98txuq6t1qvzk9/1192710A.jpg?rlkey=o505rr9fg94j7pxkpdoa812p5&st=jtez25mv&dl=0,,,,,,,
51,1037937,594,小袋中,【食味王】,―,―,表示,デザイン,スポット中心,―,―,京都府丹後,コシヒカリ,1,https://www.dropbox.com/scl/fi/yrjzzmv8wuultcc5k7atu/1037937A.jpg?rlkey=cwjt4g8loe4t3k6fjh4j54oo7&st=3t4p1o2e&dl=0,"ごっつお便
26年3月迄",,,,,,
55,1066257,594,小袋中,【食味王】,―,ＪＡＮ,表示,デザイン,終了,―,―,熊本県,森のくまさん,1,https://www.dropbox.com/scl/fi/l9ammetb7nchsif2crywx/1066257A.jpg?rlkey=j5qg2cjh71t2dycgnepoyljbi&st=r31nezqz&dl=0,,,,,,,
56,1028249,594,小袋中,【食味王】,―,―,表示,デザイン,スポット中心,―,―,熊本県,森のくまさん,1,https://www.dropbox.com/scl/fi/hjkhxdi2cy16ayu40c0e0/1028249A.jpg?rlkey=it2n6koypuos80beiyybl5fb3&st=9a3siu6p&dl=0,25年5月迄,,,,,,
68,1037939,594,小袋中,【食味王】,―,―,表示,デザイン,スポット中心,―,―,滋賀県,みずかがみ,1,https://www.dropbox.com/scl/fi/b112i2b3c8foaumskrkfc/1037939A.jpg?rlkey=sdnh894zwx1clw68scwdvu709&st=k5ep6y40&dl=0,,,,,,,
69,1217751,594,小袋中,【食味王】,―,―,表示,デザイン,スポット中心,―,脱酸素剤,滋賀県,みずかがみ,1,https://www.dropbox.com/scl/fi/l5yzxpl8faq0yjowa14z5/1217751A.jpg?rlkey=e3ymgg6i86yc9yby4ny06e0vm&st=j40afg7y&dl=0,,,,,,,
72,1035733,594,小袋中,【食味王】,―,―,表示,デザイン,定番化,―,―,島根県仁多郡,コシヒカリ,1,https://www.dropbox.com/scl/fi/t4en112u3oa7gp65hceax/1035733A.jpg?rlkey=r7o20xy36i7d4uq5eov5ohr8f&st=k6rnghsi&dl=0,,,,,,,
76,1130145,594,小袋中,【食味王】,―,ＪＡＮ,表示,デザイン,終了,―,―,富山県,コシヒカリ,1,https://www.dropbox.com/scl/fi/5f7fsgw5srnfppfhr0mvy/1130145A.jpg?rlkey=q3v4u2zcvnrhbd47x9u27nr4v&st=httntgd6&dl=0,,,,,,,
77,1037935,594,小袋中,【食味王】,―,―,表示,デザイン,終了,―,―,富山県,コシヒカリ,1,https://www.dropbox.com/scl/fi/wxt39mev88jdzkpewhkws/1037935A.jpg?rlkey=uytju2cia45id9n4mbek33ev5&st=o516sq3c&dl=0,,,,,,,
80,1137324,594,小袋中,【食味王】,―,ＪＡＮ,表示,デザイン,終了,―,―,奈良県,ヒノヒカリ,1,https://www.dropbox.com/scl/fi/3q9uw7rz0x4wigeucdpgf/1137324A.jpg?rlkey=qqjfno4nd9cpuq7udgv0snizp&st=5hnqrt0i&dl=0,,,,,,,
81,1037932,594,小袋中,【食味王】,―,―,表示,デザイン,スポット中心,―,―,奈良県,ヒノヒカリ,1,https://www.dropbox.com/scl/fi/i4wplkp6g5360nk1rt6ln/1037932A.jpg?rlkey=u9whccvk520zr1pfd1yq8qpll&st=3jle2sx0&dl=0,,,,,,,
82,1228239,565,小袋大,【食味王】,―,―,表示,デザイン,スポット中心,―,脱酸素剤,奈良県,ヒノヒカリ,1,https://www.dropbox.com/scl/fi/g0dab5l9uf6y6gdibpo5d/1228239A.jpg?rlkey=l49lz5wx2aiosxt2xgg5bfh10&st=xtj4n5st&dl=0,25年5月迄,,,,,,
86,1240055,594,小袋中,【食味王】,ＪＡ北越後,―,表示,デザイン,定番化,特栽米,ガイドライン,新潟県,コシヒカリ,1,https://www.dropbox.com/scl/fi/vkgie9gw3zs3m1vcwswx6/1240055A.jpg?rlkey=ba1ynzcvers1wegopy52f79r8&st=vl1lusp1&dl=0,,,,,,,
90,1032951,594,小袋中,【食味王】,―,―,表示,デザイン,定番化,―,―,新潟県魚沼,コシヒカリ,1,https://www.dropbox.com/scl/fi/2q3fb2tl5aopqyv1svfju/1032951A.jpg?rlkey=fuzjbk2mgsid46cnvejxrgndq&st=u4ivmrop&dl=0,,,,,,,
91,1225009,594,小袋中,【食味王】,―,―,表示,デザイン,定番化,―,脱酸素剤,新潟県魚沼,コシヒカリ,1,https://www.dropbox.com/scl/fi/smgb7igwxr7uj1umkjz2z/1225009A.jpg?rlkey=nh16zdfazyqhogycbly4a5id4&st=wbqfy595&dl=0,,,,,,,
98,1037936,594,小袋中,【食味王】,―,―,表示,デザイン,スポット中心,棚田米,―,新潟県佐渡,コシヒカリ,1,https://www.dropbox.com/scl/fi/1r95dph6b84ojtowz3cqg/1037936A.jpg?rlkey=w1t2ven405qrfozskqn6ta5dr&st=qyp0mmry&dl=0,,,,,,,
104,1251284,594,小袋中,【食味王】,コウノトリ育む,―,表示,デザイン,,特栽米,脱酸素剤,兵庫県但馬,コシヒカリ,1,https://www.dropbox.com/scl/fi/9otxlbcikuh0wocfk7ggn/1251284A.jpg?rlkey=tcq4xyp6oku4dah059a25lao6&st=8ahmjdi8&dl=0,,,,,,,
105,1246063,594,小袋中,【食味王】,コウノトリ育む,―,表示,デザイン,定番化,特栽米,ガイドライン,兵庫県但馬,コシヒカリ,1,https://www.dropbox.com/scl/fi/rvf3x14cbuzij7nxeyfih/1246063A.jpg?rlkey=2d0zc51u4ldqgl3e7grvn9q3e&st=mznitg34&dl=0,,,,,,,
106,1034119,594,小袋中,【食味王】,コウノトリ育む,―,表示,デザイン,定番化,特栽米,―,兵庫県但馬,コシヒカリ,1,https://www.dropbox.com/scl/fi/cxe3ik56psh0jtruer7kr/1034119A.jpg?rlkey=lclubihk23stu40mtoo27oohc&st=zb8k0avq&dl=0,,,,,,,
110,1167270,565,小袋大,【食味王】,―,―,表示,デザイン,定番化,―,―,福井県,いちほまれ,1,https://www.dropbox.com/scl/fi/owdz9ceswsxh2l7o02akc/1167270A.jpg?rlkey=kist1g5f762vpmhbx3p8yp0ja&st=wsk0ojpr&dl=0,25年5月迄,,,,,,
111,1227108,565,小袋大,【食味王】,―,―,表示,デザイン,定番化,―,脱酸素剤,福井県,いちほまれ,1,https://www.dropbox.com/scl/fi/rwynamg7nmm1ojuirzynd/1227108A.jpg?rlkey=a6erwdz4597pf8sya9nzu3580&st=iw32s8s9&dl=0,,,,,,,
117,1037521,594,小袋中,【食味王】,ＪＡ越前たけふ,―,表示,デザイン,スポット中心,―,―,福井県,コシヒカリ,1,https://www.dropbox.com/scl/fi/h0zg9ur7ig6f862pvmkk4/1037521A.jpg?rlkey=flxsvkrxgmsaad6pzcov3xa15&st=6bp36ttj&dl=0,,,,,,,
121,1037933,594,小袋中,【食味王】,ＪＡ越前たけふ,―,表示,デザイン,スポット中心,―,―,福井県,日本晴,1,https://www.dropbox.com/scl/fi/iosvdeciblhfy5wtuubqg/1037933A.jpg?rlkey=i7or0cb8gk683iwgsmaeci089&st=xzl3bf3g&dl=0,,,,,,,
126,1032949,594,小袋中,【食味王】,―,―,表示,デザイン,定番化,―,―,北海道,ななつぼし,1,https://www.dropbox.com/scl/fi/1rxkgkf5bnj0wsxrud02q/1032949A.jpg?rlkey=11jnwdujyix4iy73p0ad04fdf&st=4pvuqxn5&dl=0,,,,,,,
130,1206752,594,小袋中,【食味王】,―,―,表示,デザイン,定番化,―,脱酸素剤,北海道,ゆめぴりか,1,https://www.dropbox.com/scl/fi/gf5hh92kcfcvaoefn0fxv/1206752A.jpg?rlkey=kdlf3wm59tfxfv42hom9mc7fo&st=l0t0frox&dl=0,,,,,,,
131,1028246,594,小袋中,【食味王】,―,―,表示,デザイン,定番化,―,―,北海道,ゆめぴりか,1,https://www.dropbox.com/scl/fi/m8m5lchxg5s8fzt6t2vqc/1028246A.jpg?rlkey=3jimygo0yjmxobv2yf2inuab3&st=snbk8kn3&dl=0,,,,,,,
132,1033117,594,小袋中,【食味王】,金賞健康米,―,表示,デザイン,定番化,―,―,北海道,ゆめぴりか,1,https://www.dropbox.com/scl/fi/xcwa9831arnumrw1q4u66/1033117A.jpg?rlkey=6n0j20cxno8xrioikiesrndsj&st=4pbfbiqg&dl=0,,,,,,,
143,1088223,594,小袋中,【食味王】,（黄土色）,―,表示,デザイン,終了,玄米,―,宮城県,金のいぶき,1,https://www.dropbox.com/scl/fi/aog6nlsh8ujdomj5x0cji/1088223A.jpg?rlkey=jif3ba4s5sf4lg859p79feweb&st=6lof8chh&dl=0,,,,,,,
145,1037926,594,小袋中,【食味王】,―,―,表示,デザイン,終了,―,―,宮城県,ササニシキ,1,https://www.dropbox.com/scl/fi/ogn11erty3i85oz3q1jsw/1037926A.jpg?rlkey=0d1npr53fybsx83exvkuzqwds&st=f5b1e1k1&dl=0,,,,,,,
148,1149609,594,小袋中,【食味王】,―,―,表示,デザイン,スポット中心,―,―,宮城県,だて正夢,1,https://www.dropbox.com/scl/fi/6zrxq8njse4226vd8ju10/1149609A.jpg?rlkey=2v71h4ds5zdbl8gbcryxwbrhq&st=v7zz4v9y&dl=0,,,,,,,
150,1206754,594,小袋中,【食味王】,―,―,表示,デザイン,定番化,―,脱酸素剤,宮城県,ひとめぼれ,1,https://www.dropbox.com/scl/fi/4talnb87cdn66paaud0h0/1206754A.jpg?rlkey=2d0gki19i02akoc3gfrc5iq8u&st=pyyifmw1&dl=0,,,,,,,
151,1041251,594,小袋中,【食味王】,―,ＪＡＮ,表示,デザイン,終了,―,―,宮城県,ひとめぼれ,1,https://www.dropbox.com/scl/fi/qvi6rcjuv137c6bovyq2s/1041251A.jpg?rlkey=j77w1la33j74y5in83ntdw5f1&st=rdkj1ueq&dl=0,,,,,,,
152,1034120,594,小袋中,【食味王】,―,―,表示,デザイン,定番化,―,―,宮城県,ひとめぼれ,1,https://www.dropbox.com/scl/fi/d00h85ws520oecmdvzaks/1034120A.jpg?rlkey=vm6ji6uvu6q2xzcd2xkbo1bpc&st=plbzdoup&dl=0,,,,,,,
158,1028247,594,小袋中,【食味王】,―,―,表示,デザイン,定番化,―,―,山形県,つや姫,1,https://www.dropbox.com/scl/fi/6u4gdou3lz9jt6uubof69/1028247A.jpg?rlkey=taqbo62mcrmy77xyuxl0cfdzj&st=ye55xqoc&dl=0,,,,,,,
159,1225010,594,小袋中,【食味王】,―,―,表示,デザイン,定番化,―,脱酸素剤,山形県,つや姫,1,https://www.dropbox.com/scl/fi/910d8fttnh2gw82qsgg1g/1225010A.jpg?rlkey=6zcwgmxrahjmn83ebn5ype5ag&st=1t3ryazx&dl=0,,,,,,,
164,1037931,594,小袋中,【食味王】,―,―,表示,デザイン,終了,―,―,山形県,はえぬき,1,https://www.dropbox.com/scl/fi/p5q40qspgjrzq4mjpqi1f/1037931A.jpg?rlkey=qhmp29jhbgqjw2xeqkdhitiiw&st=nrb9l759&dl=0,,,,,,,
168,1192709,565,小袋大,【食味王】,―,―,表示,デザイン,スポット中心,―,―,山形県,雪若丸,1,https://www.dropbox.com/scl/fi/mbkp790phhhz4e5ubk20b/1192709A.jpg?rlkey=9vp6jeb4m3xyl7uvto99ubr7t&st=2qb2nxkx&dl=0,,,,,,,
170,1204167,565,小袋大,【食味王】,―,―,表示,デザイン,スポット中心,―,―,山口県,コシヒカリ,1,https://www.dropbox.com/scl/fi/r7g06jppfw9eqgcaf8xcb/1204167A.jpg?rlkey=vo22ex53te6q1y4o2oq7mb9b3&st=a6ltkfay&dl=0,,,,,,,
1,1247513,565,小袋大,家紋シリーズ,,―,表示,デザイン,,―,―,愛知県,あいちのかおり,3,https://www.dropbox.com/scl/fi/gcubum2iqis8dwb923jx8/1247513A.jpg?rlkey=i7wg4jlbxnqjzuirdfe6um7r4&st=02k26zbh&dl=0,,,,,,,
2,1252614,565,小袋大,家紋シリーズ,,―,表示,デザイン,,―,―,青森県,青天の霹靂,2,https://www.dropbox.com/scl/fi/77lj9fy4zntzmvzbkfcbd/1252614A.jpg?rlkey=4vhwfk6lpd2fsbqzu27ix5grg&st=wmll8mdm&dl=0,,,,,,,
3,1228161,565,小袋大,家紋シリーズ,,―,―,デザイン,終了,―,オモテ,青森県,はれわたり,5,https://www.dropbox.com/scl/fi/cev3676ixcztbviqjp319/1228161A.jpg?rlkey=bpq99aco2hd9lpnbk7lubvlrt&st=gqpopjo9&dl=0,,,,,,,
4,1228163,566,小袋小,↑表示,,―,表示,―,終了,―,ウラ,青森県,はれわたり,5,https://www.dropbox.com/scl/fi/u8kqt62rbvzbmazfnwmm4/1228163A.jpg?rlkey=dc6nztncfwjofiulxbv1bqk1u&st=rthhyhpy&dl=0,,,,,,,
5,1145733,565,小袋大,家紋シリーズ,,―,―,デザイン,終了,―,オモテ,秋田県,あきたこまち,3,https://www.dropbox.com/scl/fi/qkntxrawtiqe907w9bhqd/1145733A.jpg?rlkey=q9mttqry029mb0cp55enm554u&st=3nm5yvs1&dl=0,,,,,,,
6,1145743,566,小袋小,↑表示,,―,表示,―,終了,―,ウラ,秋田県,あきたこまち,3,https://www.dropbox.com/scl/fi/lvqsly3mjcz0fhidv9yv7/1145743A.jpg?rlkey=qlbcwqrprlfxb1u3dgbeg4czz&st=034rbrmx&dl=0,,,,,,,
7,1040428,565,小袋大,家紋シリーズ,使用禁止,―,―,デザイン,定番化,―,オモテ,秋田県,あきたこまち,5,https://www.dropbox.com/scl/fi/ccpir5poetbyebe03695k/1040428A.jpg?rlkey=5z448dy22ebrn5bi2d9jv8g9c&st=bpm5zzgw&dl=0,,,,,,,
8,1040413,566,小袋小,↑表示,使用禁止,―,表示,―,終了,―,ウラ,秋田県,あきたこまち,5,https://www.dropbox.com/scl/fi/0bxy1d9q20ugf2xsucfpa/1040413A.jpg?rlkey=p84ey03ezm5yvn5gxkv34zz4i&st=z310qd4s&dl=0,,,,,,,
9,1245346,565,小袋大,家紋シリーズ,,―,表示,デザイン,終了,―,―,秋田県,あきたこまち,5,https://www.dropbox.com/scl/fi/lbjlc209b1j5lhyutk80v/1245346A.jpg?rlkey=f8n42rvh82lv6iqn6p7mze6zb&st=m0m89ybd&dl=0,,,,,,,
10,1240057,565,小袋大,家紋シリーズ,ガイドライン入,―,表示,デザイン,定番化,特栽米,―,秋田県,あきたこまち,5,https://www.dropbox.com/scl/fi/2dlnbkz70eyy40b1j2vg0/1240057A.jpg?rlkey=d4zw6g3o39w5xfxr49gko94cl&st=j44p36ek&dl=0,,,,,,,
11,1231018,565,小袋大,家紋シリーズ,,―,―,デザイン,終了,―,オモテ,石川県,ひゃくまん穀,5,https://www.dropbox.com/scl/fi/h12jx6a30b2ct0l9na9h1/1231018A.jpg?rlkey=kbxt75azwrq6p6j6j00uqy38u&st=rjbfwk2l&dl=0,,,,,,,
12,1231019,566,小袋小,↑表示,,―,表示,―,終了,―,ウラ,石川県,ひゃくまん穀,5,https://www.dropbox.com/scl/fi/395s85a85lr7wpvwfa36m/1231019A.jpg?rlkey=7jl802bprrlq4yd6a5ai1buyb&st=cjdjhg3o&dl=0,,,,,,,
13,1244594,565,小袋大,家紋シリーズ,,―,表示,デザイン,定番化,―,―,香川県,姫ごのみ,2,https://www.dropbox.com/scl/fi/3fg0htyrdxsm8q0io4txl/1244594A.jpg?rlkey=ybxj1maoiv2h1gzbz3w90onc1&st=788my79s&dl=0,,,,,,,
14,1244598,565,小袋大,家紋シリーズ,,―,表示,デザイン,定番化,―,―,香川県,姫ごのみ,5,https://www.dropbox.com/scl/fi/q6043xtsc77gx4cxvbs6c/1244598A.jpg?rlkey=vayldei1kpcwaqj939ztjhc17&st=j9xw3ac7&dl=0,,,,,,,
15,1152287,565,小袋大,家紋シリーズ,,―,―,デザイン,定番化,―,オモテ,香川県まんのう町,姫ごのみ,2,https://www.dropbox.com/scl/fi/pmkgmf86fxb7a8ztd9xb5/1152287A.jpg?rlkey=c5bnyk9n15y9hhsetgeoj1dub&st=gkwns942&dl=0,,,,,,,
16,1152294,566,小袋小,↑表示,,―,表示,―,定番化,―,ウラ,香川県まんのう町,姫ごのみ,2,https://www.dropbox.com/scl/fi/cpi5802h3qtsxx6dzr29s/1152294A.jpg?rlkey=huy56jvkq369mlk1536bcpvpy&st=0cv5iw4a&dl=0,,,,,,,
17,1152283,565,小袋大,家紋シリーズ,,―,―,デザイン,定番化,―,オモテ,香川県まんのう町,姫ごのみ,5,https://www.dropbox.com/scl/fi/mbrimjjwc7u2k48ttipsg/1152283A.jpg?rlkey=msoeidiexwigr5gbcpefwtng0&st=zyw4yp36&dl=0,,,,,,,
18,1152293,566,小袋小,↑表示,,―,表示,―,定番化,―,ウラ,香川県まんのう町,姫ごのみ,5,https://www.dropbox.com/scl/fi/retyt4si3k1fqw8816muc/1152293A.jpg?rlkey=ap33giozisrt5beu3chj4d6ld&st=hxm4p607&dl=0,,,,,,,
19,1167274,565,小袋大,家紋シリーズ,,―,―,デザイン,スポット中心,―,オモテ,岐阜県飛騨高山産,コシヒカリ,5,https://www.dropbox.com/scl/fi/h48m2vni5kj1hfqarzw0c/1167274A.jpg?rlkey=qylo6o6841dffsd3g6lvph47o&st=s93ahgzl&dl=0,,,,,,,
20,1168071,566,小袋小,↑表示,,―,表示,―,スポット中心,―,ウラ,岐阜県飛騨高山産,コシヒカリ,5,https://www.dropbox.com/scl/fi/6nncgtuslvxt35rfiyukr/1168071A.jpg?rlkey=ld4o2rkvdlladp1zb08gmwcyp&st=87fvqp0w&dl=0,,,,,,,
21,1180748,565,小袋大,家紋シリーズ,,―,―,デザイン,終了,特栽米,オモテ,京都府,コシヒカリ,3,https://www.dropbox.com/scl/fi/f245n3imr448voignq5b3/1180748A.jpg?rlkey=dysbyhotunyrcs3z45ycbecxz&st=j8pu3jyg&dl=0,,,,,,,
22,1180749,594,小袋中,↑ガイド・表示,,―,表示,ガイドライン,終了,―,ウラ,京都府,コシヒカリ,3,https://www.dropbox.com/scl/fi/gnlum51yqxwqc7rwkmkk5/1180749A.jpg?rlkey=5w2iksdsfczg1bu1r6ntfv0v5&st=1ybriywr&dl=0,,,,,,,
23,1170330,565,小袋大,家紋シリーズ,,―,―,デザイン,スポット中心,―,オモテ,京都府,ヒノヒカリ,2,https://www.dropbox.com/scl/fi/zjmh1d4quspenuo6kk1m9/1170330A.jpg?rlkey=6edsj9wllgxcac3s5x861kd3i&st=scdvfsat&dl=0,,,,,,,
24,1170333,566,小袋小,↑表示,,―,表示,―,スポット中心,―,ウラ,京都府,ヒノヒカリ,2,https://www.dropbox.com/scl/fi/pv08te62g4s8fm6o0aqun/1170333C.jpg?rlkey=fxdanc1lyypm2f9ri65grdp3g&st=m9zqgllq&dl=0,,,,,,,
25,1169352,565,小袋大,家紋シリーズ,,―,―,デザイン,終了,特栽米,オモテ,京都府丹後,コシヒカリ,5,https://www.dropbox.com/scl/fi/ls3t3j5k4zxwfvpgxf7hm/1169352A.jpg?rlkey=y4y94t5g0362a98vqnx3xyzh3&st=7y4gyzof&dl=0,,,,,,,
26,1169357,594,小袋中,↑ガイド・表示,,―,表示,ガイドライン,終了,―,ウラ,京都府丹後,コシヒカリ,5,https://www.dropbox.com/scl/fi/n7e9j1mu3l1p8lq6f84x4/1169357A.jpg?rlkey=7n9fddpaq0kja1k4zcto7nq00&st=kr5wxma3&dl=0,,,,,,,
27,1242848,565,小袋大,家紋シリーズ,,―,―,デザイン,終了,―,オモテ,京都府与謝野町,コシヒカリ,5,https://www.dropbox.com/scl/fi/7ivyuwjblqwibh67tgcwq/1242848A.jpg?rlkey=3sok51i1x1j5m165lu1t7mq11&st=9avbn1xb&dl=0,,,,,,,
28,1242849,565,小袋大,↑表示,,―,表示,―,終了,―,ウラ,京都府与謝野町,コシヒカリ,5,https://www.dropbox.com/scl/fi/b3c6peqvbqjoj5zbw7yvf/1242849A.jpg?rlkey=ldbq82mjkxw3sv7yx5ac6emic&st=t7ftlvet&dl=0,,,,,,,
29,1244581,565,小袋大,家紋シリーズ,,―,表示,デザイン,定番化,―,―,熊本県,森のくまさん,2,https://www.dropbox.com/scl/fi/5ffflqyyduu4qrbsz5ap0/1244581A.jpg?rlkey=sh3z9qkk80umc8u1pium95n9a&st=55171fwq&dl=0,,,,,,,
30,1201496,565,小袋大,家紋シリーズ,使用禁止,―,―,デザイン,定番化,―,オモテ,熊本県,森のくまさん,4,https://www.dropbox.com/scl/fi/04nh4fr6jylwk3mwd1gpr/1201496A.jpg?rlkey=z0h9pypackueascjwwm0gzt9s&st=1j59hzzq&dl=0,,,,,,,
31,1201497,566,小袋小,↑表示,使用禁止,―,表示,―,定番化,―,ウラ,熊本県,森のくまさん,4,https://www.dropbox.com/scl/fi/n1y5flwb8ohgvrkk8dwbz/1201497A.jpg?rlkey=u6puixpncoftuvjfrlwhmbkjw&st=m8v6tuni&dl=0,,,,,,,
32,1244585,565,小袋大,家紋シリーズ,,―,表示,デザイン,定番化,―,―,熊本県,森のくまさん,4,https://www.dropbox.com/scl/fi/idn1hlqcvl7r75f79ig53/1244585A.jpg?rlkey=7ihbj9ejyzdcexovuw48nf92f&st=dtoon6vu&dl=0,,,,,,,
33,1229058,565,小袋大,家紋シリーズ,,―,―,デザイン,スポット中心,新米,オモテ,高知県,コシヒカリ,5,https://www.dropbox.com/scl/fi/fkublskcsja6uhfm9eyrj/1229058A.jpg?rlkey=bjfu67t7d93oua2npijlh4shg&st=1og5dqxo&dl=0,,,,,,,
34,1229059,566,小袋小,↑表示,,―,表示,―,スポット中心,―,ウラ,高知県,コシヒカリ,5,https://www.dropbox.com/scl/fi/cgbhzdujl74dytelmeqf2/1229059A.jpg?rlkey=0ntycb3b08zwa2jsijxa1c5be&st=3dsw3ql6&dl=0,,,,,,,
35,1195653,565,小袋大,家紋シリーズ,,―,―,デザイン,終了,―,オモテ,埼玉県,コシヒカリ,5,https://www.dropbox.com/scl/fi/3l1smxsi4bj72r8qtfw4w/1195653A.jpg?rlkey=viwy3m14x08e4khen5dtr447x&st=7dgss8nq&dl=0,,,,,,,
36,1195655,566,小袋小,↑表示,,―,表示,―,終了,―,ウラ,埼玉県,コシヒカリ,5,https://www.dropbox.com/scl/fi/vfxv0agx1ed3q5di3xxvb/1195655A.jpg?rlkey=xqkoqdv3da1nwrnnw1anfaolm&st=zd3mm8f1&dl=0,,,,,,,
37,1022509,別注,上質,家紋シリーズ,Ａ５,―,表示,デザイン,定番化,無洗米,―,島根県仁多郡,コシヒカリ,3,https://www.dropbox.com/scl/fi/trt3c2k99id42bomgk148/1022509A.jpg?rlkey=ajxb97rk7w1tes8vkuz2c092h&st=ht4cn52k&dl=0,,,,,,,
38,1201498,565,小袋大,家紋シリーズ,使用禁止,―,―,デザイン,定番化,―,オモテ,島根県仁多郡,コシヒカリ,5,https://www.dropbox.com/scl/fi/6d2engvq85rt6jqt2n16f/1201498A.jpg?rlkey=54gxjf4ze4u3iucipjjg6vvbw&st=ysrjklwk&dl=0,,,,,,,
39,1201499,566,小袋小,↑表示,使用禁止,―,表示,―,定番化,―,ウラ,島根県仁多郡,コシヒカリ,5,https://www.dropbox.com/scl/fi/zkm6n9c52wsyp00mhjioy/1201499A.jpg?rlkey=hidh2zwylmhup9lx1wuowp0w3&st=mvm8x8de&dl=0,,,,,,,
40,1246064,565,小袋大,家紋シリーズ,,―,表示,デザイン,定番化,―,―,島根県仁多郡,コシヒカリ,5,https://www.dropbox.com/scl/fi/ai6xd1js8ej4shz1792qf/1246064A.jpg?rlkey=v9od6n41dqm9lqo6r1bn7duob&st=kdeuaysr&dl=0,,,,,,,
41,1250387,594,小袋中,家紋シリーズ,,―,―,デザイン,,―,―,新潟県,コシヒカリ,1,https://www.dropbox.com/scl/fi/ufirgi9zvllqxzyga79du/1250387A.jpg?rlkey=k1tsx4nzm2r0yhzjwz1safsjr&st=6gr092ak&dl=0,,,,,,,
42,1244577,565,小袋大,家紋シリーズ,ＪＡ北新潟,―,表示,デザイン・ガイド,定番化,特栽米,―,新潟県,コシヒカリ,2,https://www.dropbox.com/scl/fi/wlti9ees0q3fnh7gghwf3/1244577A.jpg?rlkey=zhmp2dypnwd2tenvdgg980tnt&st=l5unfsc5&dl=0,,,,,,,
43,1249348,565,小袋大,家紋シリーズ,エディオンｘ象印,―,表示,デザイン,,―,―,新潟県,コシヒカリ,3,https://www.dropbox.com/scl/fi/0irzqnjidfhiajwoq94m5/1249348A.jpg?rlkey=5rgkb8een5tb39ky84j0kt72r&st=ji1sbri5&dl=0,,,,,,,
44,1040422,565,小袋大,家紋シリーズ,使用禁止,―,―,デザイン,終了,―,オモテ,新潟県,コシヒカリ,5,https://www.dropbox.com/scl/fi/hux0cbldr8q3qqnj6zq60/1040422A.jpg?rlkey=lo2y1hblovm00iyrlx3suy79m&st=fl6t9uhd&dl=0,,,,,,,
45,1040410,566,小袋小,↑表示,使用禁止,―,表示,―,終了,―,ウラ,新潟県,コシヒカリ,5,https://www.dropbox.com/scl/fi/i8s804motfl1wfkcrcnib/1040410A.jpg?rlkey=y1zd82pffzrjih3yinth6ib9z&st=stca68cn&dl=0,,,,,,,
46,1245349,565,小袋大,家紋シリーズ,,―,表示,デザイン,定番化,―,―,新潟県,コシヒカリ,5,https://www.dropbox.com/scl/fi/pz61ggaz4hy0lreicni2l/1245349A.jpg?rlkey=yd7ysl4assapy38i74pky56h2&st=lzw4nicu&dl=0,,,,,,,
47,1240054,565,小袋大,家紋シリーズ,ＪＡ北新潟,―,表示,デザイン・ガイド,定番化,特栽米,―,新潟県,コシヒカリ,5,https://www.dropbox.com/scl/fi/e683nzyvshngj1k0khdgw/1240054A.jpg?rlkey=o6jfddc5ny22bk85unvlshpy8&st=cuyknvfu&dl=0,,,,,,,
48,80535,565,小袋大,家紋シリーズ,使用禁止,―,―,デザイン,終了,無洗米,オモテ,新潟県魚沼,コシヒカリ,2,https://www.dropbox.com/scl/fi/w0agg5fp3u1u09vfwnu98/80535A.jpg?rlkey=zrrlzy1aom2w67lcb3ta63n2x&st=bzdijt3l&dl=0,,,,,,,
49,80539,566,小袋小,↑表示,使用禁止,―,表示,―,終了,―,ウラ,新潟県魚沼,コシヒカリ,2,https://www.dropbox.com/scl/fi/4qky9mfkw5bj85h9o4xk0/80539A.jpg?rlkey=6guqvq866f629099kuob9fk30&st=twss3g8z&dl=0,,,,,,,
50,1244607,565,小袋大,家紋シリーズ,,―,表示,デザイン,定番化,無洗米,―,新潟県魚沼,コシヒカリ,2,https://www.dropbox.com/scl/fi/x6i6j0gwe15cu9o6ezs2n/1244607A.jpg?rlkey=7j8oq509bce5ujwuyc2mk9vz2&st=19dnfp9h&dl=0,,,,,,,
51,1198312,565,小袋大,家紋シリーズ,,―,―,デザイン,終了,―,オモテ,新潟県魚沼,コシヒカリ,3,https://www.dropbox.com/scl/fi/txu5vqc5m77h2q74kura1/1198312A.jpg?rlkey=c5za5y248kt9837994jtqtt5o&st=8zsbdfvk&dl=0,,,,,,,
52,1080066,566,小袋小,↑表示,,―,表示,―,終了,―,ウラ,新潟県魚沼,コシヒカリ,3,https://www.dropbox.com/scl/fi/3zylvwp4fpvrct1q7gc3q/1080066A.jpg?rlkey=92ejh4zlkp7kot6blbd5t3orm&st=vwjvs4no&dl=0,,,,,,,
53,1198315,565,小袋大,家紋シリーズ,使用禁止,―,―,デザイン,終了,特栽米,オモテ,新潟県魚沼,コシヒカリ,3,https://www.dropbox.com/scl/fi/e93zn99ahgddi2ykswhvw/1198315A.jpg?rlkey=170g89mox5bieahglkjjh1eea&st=72vh8tvl&dl=0,,,,,,,
54,1198700,565,小袋大,↑ガイド・表示,使用禁止,―,表示,ガイドライン,終了,―,ウラ,新潟県魚沼,コシヒカリ,3,https://www.dropbox.com/scl/fi/unx7f0fw5oolpxa256ozx/1198700A.jpg?rlkey=qpy84cipfkwz39qpf6fukdcgb&st=r9c08kkq&dl=0,,,,,,,
55,1244579,565,小袋大,家紋シリーズ,,―,表示,デザイン・ガイド,スポット中心,特栽米,―,新潟県魚沼,コシヒカリ,3,https://www.dropbox.com/scl/fi/d31yvd5ge2bqg9u5frvj4/1244579A.jpg?rlkey=j8o8atlzy32hq3vdme5cdm8pe&st=ilfr29hg&dl=0,,,,,,,
56,1198316,565,小袋大,家紋シリーズ,,―,―,デザイン,終了,特栽米,オモテ,新潟県魚沼,コシヒカリ,4,https://www.dropbox.com/scl/fi/1xa4t90d7vvs671u9wu57/1198316A.jpg?rlkey=o4ykrg2iuv0hhmtcw8ypjbapg&st=cj6ccwrj&dl=0,,,,,,,
57,1198698,594,小袋中,↑ガイド・表示,,―,表示,ガイドライン,終了,―,ウラ,新潟県魚沼,コシヒカリ,4,https://www.dropbox.com/scl/fi/29t38libl263nlzg93le0/1198698A.jpg?rlkey=7vlyrkvpyy1lwbtcrtbobptos&st=48266q2l&dl=0,,,,,,,
58,1233884,別注,上質,家紋シリーズ,Ａ５,―,―,デザイン,終了,無洗米,オモテ,新潟県魚沼,コシヒカリ,4,https://www.dropbox.com/scl/fi/87f809myxc2is485nw8ti/1233884A.jpg?rlkey=wg2b8vn6oginr8gsdangwkkdl&st=xwo09d2z&dl=0,,,,,,,
59,1080068,566,小袋小,↑表示,,―,表示,―,終了,―,ウラ,新潟県魚沼,コシヒカリ,4,https://www.dropbox.com/scl/fi/m2a59e7nd2uex58h35gi7/1080068A.jpg?rlkey=3siue9infvnkwzhfzbjko8ng3&st=naxi8ueu&dl=0,,,,,,,
60,1040424,565,小袋大,家紋シリーズ,使用禁止,―,―,デザイン,終了,―,オモテ,新潟県魚沼,コシヒカリ,5,https://www.dropbox.com/scl/fi/nwmomrdcnvwm52hgco2rj/1040424A.jpg?rlkey=n4pt3lank7kkprueev0cekti0&st=frqtj0qs&dl=0,,,,,,,
61,1022594,566,小袋小,↑表示,使用禁止,―,表示,―,終了,―,ウラ,新潟県魚沼,コシヒカリ,5,https://www.dropbox.com/scl/fi/un2cml603f76dqsh0yod0/1022594A.jpg?rlkey=4ofw1l6jtwm5u9gip8snm1e5z&st=s1d2926y&dl=0,,,,,,,
62,1245342,565,小袋大,家紋シリーズ,,―,表示,デザイン,定番化,―,―,新潟県魚沼,コシヒカリ,5,https://www.dropbox.com/scl/fi/p9432dnfis1lzgr8jjj9m/1245342A.jpg?rlkey=ap5mhyy3ye9o3p3ntzetn7bq6&st=08vbecqq&dl=0,,,,,,,
63,1022510,別注,上質,家紋シリーズ,Ａ５,―,表示,デザイン,定番化,無洗米,―,新潟県魚沼,コシヒカリ,5,https://www.dropbox.com/scl/fi/7h9np99kfjgwzexy5j5mz/1022510A.jpg?rlkey=41x3aejalgwslrf567wgpyvgh&st=n07kk2o8&dl=0,,,,,,,
64,1208641,別注,上質,家紋シリーズ,Ａ５,―,―,デザイン,スポット中心,有機栽培米,オモテ,新潟県魚沼津南町,コシヒカリ,5,https://www.dropbox.com/scl/fi/bnflja8ceyd7yha4xmzry/1208641A.jpg?rlkey=luj2syw1goe82pi9cjlpmphrv&st=rse8jl7d&dl=0,,,,,,,
65,1208643,566,小袋小,↑表示,,―,表示,―,スポット中心,―,ウラ,新潟県魚沼津南町,コシヒカリ,5,https://www.dropbox.com/scl/fi/aaek35rq0wsizccc930jy/1208643A.jpg?rlkey=qm49oi8pav2h7gme9o6cc7g5i&st=xvvun4ho&dl=0,,,,,,,
66,1080750,565,小袋大,家紋シリーズ,,―,―,デザイン,終了,有機栽培米,オモテ,兵庫県丹波市,コシヒカリ,2,https://www.dropbox.com/scl/fi/tt98tio8ql6nbg5ya1wv5/1080750A.jpg?rlkey=os4hyvh6czvr4y5aqqyly085b&st=hnln51qx&dl=0,,,,,,,
67,1080753,566,小袋小,↑表示・ＪＡＮ,,JＡＮ,表示,―,終了,―,ウラ,兵庫県丹波市,コシヒカリ,2,https://www.dropbox.com/scl/fi/nk915lx9dsoftwjho1k2p/1080753A.jpg?rlkey=91q74q4j4nwxa0hdxht8cm3dt&st=2t6yne91&dl=0,,,,,,,
68,1168361,565,小袋大,家紋シリーズ,,―,―,デザイン,スポット中心,―,オモテ,福井県,いちほまれ,5,https://www.dropbox.com/scl/fi/ac8gpb5h677i2zowo5uo9/1168361A.jpg?rlkey=mkbfkuyhbn0j6cx5f5sb36m2e&st=5z0vg74t&dl=0,,,,,,,
69,1168363,566,小袋小,↑表示,,―,表示,―,スポット中心,―,ウラ,福井県,いちほまれ,5,https://www.dropbox.com/scl/fi/10akf6an1kf135jib56mz/1168363A.jpg?rlkey=hb3hduh1iovc8o8931gzw2ai5&st=xm1ln4bj&dl=0,,,,,,,
70,1244584,565,小袋大,家紋シリーズ,,―,表示,デザイン・ガイド,定番化,特栽米,―,福井県,コシヒカリ,3,https://www.dropbox.com/scl/fi/1mq8e74og27z0wu81r3kt/1244584A.jpg?rlkey=okmciin5pf8nh16i6ptamxkha&st=5ysxw0v8&dl=0,,,,,,,
71,1234072,565,小袋大,家紋シリーズ,,―,表示,デザイン,終了,―,―,福井県,ハナエチゼン,0.45,https://www.dropbox.com/scl/fi/32jzi9177vwa6fst6kogd/1234072A.jpg?rlkey=kgmfkszk1xw1v38zrdvz6rflw&st=es4syzex&dl=0,,,,,,,
72,1253318,594,小袋中,家紋シリーズ,,―,表示,デザイン,,新米,―,福井県,ハナエチゼン,1,https://www.dropbox.com/scl/fi/r08hvmkdz8nil5hmqtstp/1253318A.jpg?rlkey=fx5cmb6x5wmn2n99u7aczos68&st=0myf5q3e&dl=0,,,,,,,
73,1234076,565,小袋大,家紋シリーズ,,―,表示,デザイン,終了,―,―,福井県,ハナエチゼン,1,https://www.dropbox.com/scl/fi/501sfrm2ay3aomvzyhkpp/1234076A.jpg?rlkey=re4mc6ad4m4j2k13ao6l3onj2&st=8it5xz9q&dl=0,,,,,,,
74,1175833,565,小袋大,家紋シリーズ,,―,―,デザイン,終了,―,オモテ,福井県,ハナエチゼン,5,https://www.dropbox.com/scl/fi/su212g6drtg3myq13fvxd/1175833A.jpg?rlkey=pdsbr0tw7tk8d9japocatsjr0&st=rc8uq1sj&dl=0,,,,,,,
75,1175837,566,小袋小,↑表示,,―,表示,―,終了,―,ウラ,福井県,ハナエチゼン,5,https://www.dropbox.com/scl/fi/4e0qmrwlcx718a2kld8yr/1175837A.jpg?rlkey=wnojeuwji2fshd79cwluwmuqq&st=8p8iie31&dl=0,,,,,,,
76,1160496,565,小袋大,家紋シリーズ,,―,―,デザイン,終了,―,オモテ,福島県会津,コシヒカリ,5,https://www.dropbox.com/scl/fi/rlyme4bg31i5h1759zrbu/1160496A.jpg?rlkey=f83q6ce25ebbamz47mhnlx6ov&st=ysj9kziu&dl=0,,,,,,,
77,1160499,566,小袋小,↑表示,,―,表示,―,終了,―,ウラ,福島県会津,コシヒカリ,5,https://www.dropbox.com/scl/fi/nhhd69si83ydlu4mxw55k/1160499A.jpg?rlkey=0gafrpa0xhqywqvtejcinbgzi&st=4v7ayscw&dl=0,,,,,,,
78,1253485,565,小袋大,家紋シリーズ,,―,表示,デザイン,,―,―,北海道,ななつぼし,2,https://www.dropbox.com/scl/fi/9i8xhe2zlvjftf7we91vv/1253485A.jpg?rlkey=nv8mtcb7xy2doorfe7d45e3ts&st=86qs8tc7&dl=0,,,,,,,
79,1175834,565,小袋大,家紋シリーズ,,―,表示,デザイン,,―,―,北海道,ななつぼし,5,https://www.dropbox.com/scl/fi/hp49c3ts1vt682xt6ya9q/1175834A.jpg?rlkey=lyxm72xzz4grfl1vwafzum4zz&st=7k4s7yuy&dl=0,,,,,,,
80,1175836,566,小袋小,↑表示,使用禁止,―,表示,―,スポット中心,―,ウラ,北海道,ななつぼし,5,https://www.dropbox.com/scl/fi/t9qvpktphy8onxyjbrygq/1175836A.jpg?rlkey=cnwc677k8fqo5wxlo4mb27eae&st=qelcocfn&dl=0,,,,,,,
81,79865,565,小袋大,家紋シリーズ,,―,表示,デザイン,,―,―,北海道,ゆめぴりか,2,https://www.dropbox.com/scl/fi/80mycka39br19fegk2jlq/79865A.jpg?rlkey=fzj072ypkrz4cpfxpbkxs4q6r&st=89wmn9x6&dl=0,,,,,,,
82,80536,566,小袋小,↑表示,使用禁止,―,表示,―,定番化,―,ウラ,北海道,ゆめぴりか,2,https://www.dropbox.com/scl/fi/ip5xm6kfx6ydq8xxpkazx/80536A.jpg?rlkey=fry8ir440viloby9k8me9t7yg&st=mdlsgpb1&dl=0,,,,,,,
83,1244578,565,小袋大,家紋シリーズ,,―,表示,デザイン,定番化,―,―,北海道,ゆめぴりか,3,https://www.dropbox.com/scl/fi/kv6rf0o03yprqjktxk1ax/1244578A.jpg?rlkey=krytbf321g9xlzngbwp1odegb&st=df0o84bc&dl=0,,,,,,,
84,1040427,565,小袋大,家紋シリーズ,使用禁止,―,―,デザイン,終了,―,オモテ,北海道,ゆめぴりか,5,https://www.dropbox.com/scl/fi/nynh2vvagsdhx5pghesbl/1040427A.jpg?rlkey=3xw0qkdnyho02emtepzzkx9wr&st=mh07fmcs&dl=0,,,,,,,
85,1022595,566,小袋小,↑表示,使用禁止,―,表示,―,終了,―,ウラ,北海道,ゆめぴりか,5,https://www.dropbox.com/scl/fi/9t2f7uvu8oo4ji8udi3eh/1022595A.jpg?rlkey=ajuehbgau5qja5n7d3g6ahdzm&st=2v87jowj&dl=0,,,,,,,
86,1245344,565,小袋大,家紋シリーズ,,―,表示,デザイン,定番化,―,―,北海道,ゆめぴりか,5,https://www.dropbox.com/scl/fi/lr9yjyhvqusfx3cy7m4s0/1245344A.jpg?rlkey=6iiybzh8d1x60qi11q4doepsm&st=h18y4jc6&dl=0,,,,,,,
87,1155290,別注,上質,家紋シリーズ,Ａ５,―,―,デザイン,終了,―,オモテ,北海道,ゆめぴりか,5,https://www.dropbox.com/scl/fi/rjq51rw0mkxob0novuhnq/1155290A.jpg?rlkey=6hyu5mlf3x6zniijovz3k5r20&st=fgw1go7a&dl=0,,,,,,,
88,1022595,566,小袋小,↑表示,,―,表示,―,終了,―,ウラ,北海道,ゆめぴりか,5,https://www.dropbox.com/scl/fi/9t2f7uvu8oo4ji8udi3eh/1022595A.jpg?rlkey=ajuehbgau5qja5n7d3g6ahdzm&st=2v87jowj&dl=0,,,,,,,
89,1022511,別注,上質,家紋シリーズ,Ａ５,―,―,デザイン,終了,無洗米,オモテ,北海道,ゆめぴりか,5,https://www.dropbox.com/scl/fi/4lmsfrsyuhtwvwtf0dfup/1022511A.jpg?rlkey=hmyh5zp2bvnyb2xcc2hck9muj&st=nhhauik2&dl=0,,,,,,,
90,1022595,566,小袋小,↑表示,,―,表示,―,終了,―,ウラ,北海道,ゆめぴりか,5,https://www.dropbox.com/scl/fi/9t2f7uvu8oo4ji8udi3eh/1022595A.jpg?rlkey=ajuehbgau5qja5n7d3g6ahdzm&st=2v87jowj&dl=0,,,,,,,
91,1052932,565,小袋大,家紋シリーズ,,―,―,デザイン,スポット中心,有機栽培米,オモテ,宮城県,ササニシキ,2,https://www.dropbox.com/scl/fi/64x201lk3jl3q56e9zp2j/1052932A.jpg?rlkey=02j10vc91i53ax9peubbjacow&st=0aicw30i&dl=0,,,,,,,
92,1052933,566,小袋小,↑表示,,―,表示,―,スポット中心,―,ウラ,宮城県,ササニシキ,2,https://www.dropbox.com/scl/fi/pq39vfqfboete6q1fmgvn/1052933A.jpg?rlkey=dgsqvv397kuiibg63v3jyw6x7&st=twyc1ti7&dl=0,,,,,,,
93,1156629,565,小袋大,家紋シリーズ,,―,―,デザイン,スポット中心,有機栽培米,オモテ,宮城県,ササニシキ,5,https://www.dropbox.com/scl/fi/yydfgz7psth9k3yn0ss7o/1156629A.jpg?rlkey=wbuvic8xqxqdhxu9pa7jh3bvd&st=w2wfg0o0&dl=0,,,,,,,
94,1156611,566,小袋小,↑表示,,―,表示,―,スポット中心,―,ウラ,宮城県,ササニシキ,5,https://www.dropbox.com/scl/fi/txjttqw1xw6c8tlqwqsu5/1156611A.jpg?rlkey=y8lawmjad8pgi4j136901kq1a&st=eb7g0qvs&dl=0,,,,,,,
95,1247193,565,小袋大,家紋シリーズ,脱酸素剤,―,表示,デザイン,,有機栽培米,―,宮城県,ひとめぼれ,2,https://www.dropbox.com/scl/fi/tlvdxt5mrut8vtxaic5ve/1247193A.jpg?rlkey=00pbcu2v4z5k5yfqglzmn91ck&st=ik04jbfi&dl=0,,,,,,,
96,1065474,565,小袋大,家紋シリーズ,,―,―,デザイン,スポット中心,有機栽培米,オモテ,宮城県,ひとめぼれ,2,https://www.dropbox.com/scl/fi/0gw0utdle42gzvyj6bc7v/1065474A.jpg?rlkey=9ur33rex271s6eqtyzoco4mn0&st=b86i6lcx&dl=0,,,,,,,
97,1065475,566,小袋小,↑表示,,―,表示,―,スポット中心,―,ウラ,宮城県,ひとめぼれ,2,https://www.dropbox.com/scl/fi/go77dwnhlehrk0cagkxdj/1065475A.jpg?rlkey=cxtqun2gfcava8r8yspq53s3z&st=u0o4tyii&dl=0,,,,,,,
98,1250904,565,小袋大,家紋シリーズ,,―,表示,デザイン,,―,―,宮城県,ひとめぼれ,3,https://www.dropbox.com/scl/fi/42hr3nlf5ii616vlvsjc5/1250904A.jpg?rlkey=oca6fxvk8yeab5tlff9cxmdrd&st=h41rzowl&dl=0,,,,,,,
99,1122539,565,小袋大,家紋シリーズ,,―,―,デザイン,スポット中心,有機栽培米,オモテ,宮城県,ひとめぼれ,5,https://www.dropbox.com/scl/fi/nmbhkhsj4brl5z8rn1pkg/1122539A.jpg?rlkey=gzgc7do4k7q1d60gmjnjnxfgq&st=p5kl9fm7&dl=0,,,,,,,
100,1122542,566,小袋小,↑表示,,―,表示,―,スポット中心,―,ウラ,宮城県,ひとめぼれ,5,https://www.dropbox.com/scl/fi/gzvaahwei25a8pqjdmotc/1122542A.jpg?rlkey=92c8ppzi1c18nt5ndatm865ek&st=1t7c20l6&dl=0,,,,,,,
101,1021313,565,小袋大,家紋シリーズ,共通,―,表示,デザイン・ガイド,定番化,特栽米,オモテ,山形県,つや姫,5,https://www.dropbox.com/scl/fi/yqy3fr2o1cvj27d70k4v2/1021313A.jpg?rlkey=or48zrj92lb22i9alehy2n0rr&st=5tr9agw8&dl=0,,,,,,,
102,1021315,566,小袋小,↑表示（おきたま）,,―,表示,ガイドライン,定番化,―,ウラ,山形県,つや姫,5,https://www.dropbox.com/scl/fi/d6vncpiozje1xfiqxpt5l/1021315A.jpg?rlkey=9h9a384s7qpoi67ysqr4m3vg6&st=socq5403&dl=0,,,,,,,
103,1065475,566,小袋小,↑表示（庄内みどり）,,―,表示,ガイドライン,終了,―,ウラ,山形県,つや姫,5,https://www.dropbox.com/scl/fi/go77dwnhlehrk0cagkxdj/1065475A.jpg?rlkey=cxtqun2gfcava8r8yspq53s3z&st=6ht0xe7m&dl=0,,,,,,,
104,1245345,565,小袋大,家紋（おきたま）,,―,表示,デザイン・ガイド,終了,―,―,山形県,つや姫,5,https://www.dropbox.com/scl/fi/tirjs1k0mc91o59tt4rjt/1245345A.jpg?rlkey=wkn3v2l44ehp8n9i13t0xsfjr&st=9gbw7979&dl=0,,,,,,,
1,1184643,565,小袋大,陽娘,,―,―,デザイン,スポット中心,―,オモテ,愛知県,あいちのかおり,4,https://www.dropbox.com/scl/fi/3nc58vnmi55cifd1j1a1s/1184643A.jpg?rlkey=p722tw6nwgmuxcb81cexxax8x&st=3ubac3hx&dl=0,,,,,,,
2,1184642,565,小袋小,↑表示,,―,表示,―,スポット中心,―,ウラ,愛知県,あいちのかおり,4,https://www.dropbox.com/scl/fi/nsqud997w8dh74pyef9xc/1184642A.jpg?rlkey=r7po60vrtfafg7ajco32udc2n&st=wifokf7g&dl=0,,,,,,,
3,1163083,565,小袋大,陽娘,,―,―,デザイン,スポット中心,―,オモテ,愛知県,あいちのかおり,5,https://www.dropbox.com/scl/fi/cdctvx3lhcp3iwvvdjhnf/1163083A.jpg?rlkey=mc14h0x3t4ljn4dcmb1piz33r&st=rv5w9vcy&dl=0,,,,,,,
4,1163084,565,小袋大,↑表示,,―,表示,―,スポット中心,―,ウラ,愛知県,あいちのかおり,5,https://www.dropbox.com/scl/fi/xuqkk7o7edtcdvmtt06w2/1163084A.jpg?rlkey=i4h40dfezyjlbhdjnbriekjto&st=lc4ibgbd&dl=0,,,,,,,
5,1226855,566,小袋小,ダスキン,,―,表示,説明文,終了,―,―,青森県,青天の霹靂,1.2,https://www.dropbox.com/scl/fi/fz9i9qfvtycnca21vb34a/1226855A.jpg?rlkey=urv4du809bo1o6wpke9qwaa04&st=uislvybw&dl=0,,,,,,,
6,1182858,別注,上質,関電様用,,Ａ５,表示,デザイン・ガイド,スポット中心,特栽米,―,青森県,青天の霹靂,5,https://www.dropbox.com/scl/fi/w5l184x05zsw407v9u97v/1182858A.jpg?rlkey=7q5d761uhaa2it1er74jyc7jz&st=aqd9iov0&dl=0,,,,,,,
7,1229383,566,小袋小,ダスキン,,―,表示,説明文,終了,―,―,秋田県,あきたこまち,1.4,https://www.dropbox.com/scl/fi/nq6o3fhozabz3e9u7cjvg/1229383A.jpg?rlkey=6yz5s6m18sqnpqdltl6rm2gxg&st=70dtb5mg&dl=0,,,,,,,
8,1180696,565,小袋大,スギ薬局,,―,表示,デザイン,スポット中心,無洗米,―,秋田県,あきたこまち,2,https://www.dropbox.com/scl/fi/oe3s9k5hrzn1jfs5iqotr/1180696A.jpg?rlkey=jyt8om9ijpb1bubi05j6p2dfg&st=1dmgv1q2&dl=0,,,,,,,
9,1180697,565,小袋大,スギ薬局,,―,表示,デザイン,スポット中心,無洗米,―,秋田県,あきたこまち,5,https://www.dropbox.com/scl/fi/wzbewj874xif27kwrbd7k/1180697A.jpg?rlkey=v0l4i277vqur5lwcecfm0vc0m&st=y0o30tco&dl=0,,,,,,,
10,1196476,565,小袋大,―,,―,表示,デザイン・ガイド,終了,特栽米,―,秋田県大潟村,あきたこまち,3,https://www.dropbox.com/scl/fi/5v4zvzv0plkg3bcoz7tlm/1196476A.jpg?rlkey=9dl446rr7cqfgg5pnpfztpwpc&st=rzcg7vc0&dl=0,,,,,,,
11,1189312,565,小袋大,―,,―,表示,デザイン・ガイド,終了,特栽米,―,秋田県大潟村,あきたこまち,5,https://www.dropbox.com/scl/fi/qvqwmy0y615pogp8q1d8f/1021314A.jpg?rlkey=cj8xif7hgjy1mqlizof694f77&st=b57hbg6n&dl=0,,,,,,,
12,1258049,564,丸型小,地域復興応援,,―,―,―,,―,―,石川県能登,こしひかり,ー,,,,,,,,
13,1167265,565,小袋大,スギ薬局,,―,表示,デザイン,定番化,棚田米,―,石川県能登,コシヒカリ,5,https://www.dropbox.com/scl/fi/jn8z2vkmifqpa76wnhxj6/1167265A.jpg?rlkey=8d94ax67hs5uv8ea10ayvwgft&st=o7x7lexi&dl=0,,,,,,,
14,1222498,565,小袋大,スギ薬局,,―,―,デザイン,終了,特栽米棚田米,オモテ,石川県能登,コシヒカリ,5,https://www.dropbox.com/scl/fi/jm4kzx8mbg7jarkkdoxly/1222498A.jpg?rlkey=1d2p71etu7pkqdsuk9sj6ant2&st=2p4z52ok&dl=0,,,,,,,
15,1222499,594,小袋中,↑表示・ガイド,,―,表示,ガイドライン,終了,―,ウラ,石川県能登,コシヒカリ,5,https://www.dropbox.com/scl/fi/a8ikaxpcjegeqss3hzzi3/1222499A.jpg?rlkey=kbpgthq2v89dtwtnrxbpnwvf6&st=53pzw844&dl=0,,,,,,,
16,1178868,565,小袋大,―,,ＪＡＮ,表示,デザイン・ガイド,終了,特栽米,―,岩手県,ひとめぼれ,3,https://www.dropbox.com/scl/fi/8iy4ouwqrbx780wthr2r4/1178868A.jpg?rlkey=wmini9lytwfxtcdtm55zoi05d&st=qksq8u6d&dl=0,,,,,,,
17,1226856,566,小袋小,ダスキン,,―,表示,説明文,企業専用,―,―,香川県,おいでまい,1,https://www.dropbox.com/scl/fi/17i5da43k3eitkmeufrqm/1226856A.jpg?rlkey=uqffwse85ht16aia91dqg52pb&st=n8h6hjr4&dl=0,,,,,,,
18,1258070,594,小袋中,―,,―,表示,デザイン,,―,―,京都府,きぬむすめ,0.15,,,,,,,,
19,1189306,565,小袋大,―,,―,表示,デザイン・ガイド,終了,特栽米,―,京都府,コシヒカリ,3,https://www.dropbox.com/scl/fi/o6m136qcadpgak6ty9fbx/1189306A.jpg?rlkey=vul8a96kh5x2klwwfhmsoe86n&st=abxnwns3&dl=0,,,,,,,
20,1252589,565,小袋大,―,,―,表示,デザイン,,新米,―,高知県,南国そだち,2,https://www.dropbox.com/scl/fi/y3bt90v5r77hx12xsvhya/1252589A.jpg?rlkey=yau53c1vjc6y3dv0fkkoybdk0&st=r5faaa6f&dl=0,,,,,,,
21,1099720,565,小袋大,―,,―,―,デザイン,終了,有機栽培米,オモテ,滋賀県,コシヒカリ,2,https://www.dropbox.com/scl/fi/69hh3esq1g9nfta25cmat/1099720A.jpg?rlkey=zxsi567w3qb9xhbz2tzpez1po&st=2kit3x5p&dl=0,,,,,,,
22,1099721,566,小袋小,↑表示・ＪＡＮ,,ＪＡＮ,表示,―,終了,―,ウラ,滋賀県,コシヒカリ,2,https://www.dropbox.com/scl/fi/d1w1ink2986o8q5iinsj5/1099721A.jpg?rlkey=2ehdp9xnixf29fwlspywnqnh8&st=w16mge8v&dl=0,,,,,,,
23,1098698,565,小袋大,―,,―,―,デザイン,,有機栽培米,オモテ,滋賀県,ミルキークイーン,2,https://www.dropbox.com/scl/fi/mcbix6r5ab1qjuv5ikkeh/1098698A.jpg?rlkey=g2q5m6shk5f9dhzzwcusmsw9s&st=flhjth31&dl=0,,,,,,,
24,1098697,566,小袋小,―,,ＪＡＮ,表示,―,,有機栽培米,ウラ,滋賀県,ミルキークイーン,2,https://www.dropbox.com/scl/fi/cwcvsijplvsb8vrnrfpju/1098697A.jpg?rlkey=lw2uapu8k7eh07ue3j8mzpqag&st=aif5nfpe&dl=0,,,,,,,
25,1180700,565,小袋大,スギ薬局,,―,表示,デザイン,スポット中心,無洗米,―,富山県,コシヒカリ,2,https://www.dropbox.com/scl/fi/a1nr71t56t5jkm8ayon6d/1180700A.jpg?rlkey=ozym0dou8k0zzr08ecwfwz6r1&st=6g74ohby&dl=0,,,,,,,
26,1180701,565,小袋大,スギ薬局,,―,表示,デザイン,スポット中心,無洗米,―,富山県,コシヒカリ,5,https://www.dropbox.com/scl/fi/p080a5jfaaau7z5ojewho/1180701A.jpg?rlkey=ua2j6eb221qto3qulsdl84o1u&st=n4xs1or8&dl=0,,,,,,,
27,1200558,565,小袋大,スギ薬局,,―,表示,デザイン,定番化,無洗米,―,新潟県魚沼,コシヒカリ,2,https://www.dropbox.com/scl/fi/k2xcq221turrxaa2e1z0l/1200558A.jpg?rlkey=4sbliqurixopemlyoa6vxgaqm&st=ltd2tadt&dl=0,,,,,,,
28,1200559,565,小袋大,スギ薬局,,―,表示,デザイン,定番化,無洗米,―,新潟県,コシヒカリ,5,https://www.dropbox.com/scl/fi/uts11fyy86daikoy7v9lm/1200559A.jpg?rlkey=ap1zjqlxndol762uj96scly19&st=r9pyj3kr&dl=0,,,,,,,
29,1217405,566,小袋小,―,,―,表示,デザイン,スポット中心,―,―,新潟県,新之助,0.3,https://www.dropbox.com/scl/fi/wifhdb4rqdki6y6dovvbw/1217405A.jpg?rlkey=6iycb78lvtgqxwdxn647nhuzk&st=f4o1q5yh&dl=0,,,,,,,
30,1097451,594,小袋中,アピデ,,―,表示,デザイン,定番化,―,―,新潟県魚沼,コシヒカリ,0.3,https://www.dropbox.com/scl/fi/kdnsluwh4apz12q9p4vwo/1097451A.jpg?rlkey=a1bz0iibqy4j3ipklckgb2p32&st=dozu5z36&dl=0,,,,,,,
31,1167268,594,小袋中,金澤さん,,―,―,デザイン,スポット中心,特栽米,,新潟県,コシヒカリ,1,https://www.dropbox.com/scl/fi/3o9temqz5tkiyva2ehpqy/1167268A.jpg?rlkey=wbc3qsbqkbzcjiw08g9hdek1w&dl=0,,,,,,,
32,1080057,594,小袋中,アピデ,,―,―,デザイン,終了,―,オモテ,新潟県魚沼,コシヒカリ,1,https://www.dropbox.com/scl/fi/1cxxm8wya9savibvd8xri/1080057A.jpg?rlkey=i8x4l85hh3gwkaf5v8z9btti2&st=bhlflmaa&dl=0,,,,,,,
33,1080058,566,小袋小,↑表示,,―,表示,―,終了,―,ウラ,新潟県魚沼,コシヒカリ,1,https://www.dropbox.com/scl/fi/s43yqxjqcxf4230tpm0n0/1080058A.jpg?rlkey=j6l7dbyix8y5ddooyybe6n6pa&st=7nqukajo&dl=0,,,,,,,
34,1080059,565,小袋大,アピデ,,―,―,デザイン,終了,―,オモテ,新潟県魚沼,コシヒカリ,1.3,https://www.dropbox.com/scl/fi/1zsv4x4o5q1rhqahifk5u/1080059A.jpg?rlkey=l0vr45hgd4eqgy9ymqzc7qt4p&st=f0dlw2m9&dl=0,,,,,,,
35,1080060,566,小袋小,↑表示,,―,表示,―,終了,―,ウラ,新潟県魚沼,コシヒカリ,1.3,https://www.dropbox.com/scl/fi/bevxugqiee7kwzyfjubci/1080060A.jpg?rlkey=9ctrdt08tvscunteuht1lysod&st=stvtjd4c&dl=0,,,,,,,
36,1080061,565,小袋大,アピデ,,―,―,デザイン,終了,―,オモテ,新潟県魚沼,コシヒカリ,1.8,https://www.dropbox.com/scl/fi/l39j721x1h2wzr3zhjtmx/1080061A.jpg?rlkey=v6dxrrbo3uj534x7ct88sf4ww&st=yo1m3rwl&dl=0,,,,,,,
37,1080062,566,小袋小,↑表示,,―,表示,―,終了,―,ウラ,新潟県魚沼,コシヒカリ,1.8,https://www.dropbox.com/scl/fi/jqbw99vi75opt4ed6ivuc/1080062A.jpg?rlkey=q2yfzbyokhhgrfbnczlljl91n&st=pq41tjv9&dl=0,,,,,,,
38,1080063,565,小袋大,アピデ,,―,―,デザイン,終了,―,オモテ,新潟県魚沼,コシヒカリ,2.5,https://www.dropbox.com/scl/fi/22d6r2u0eybu5j4513fzm/1080063A.jpg?rlkey=ro4krdxkytbdztmtgz14ktw2u&st=g5udvwgk&dl=0,,,,,,,
39,1080064,566,小袋小,↑表示,,―,表示,―,終了,―,ウラ,新潟県魚沼,コシヒカリ,2.5,https://www.dropbox.com/scl/fi/qnvcaohzsy51cvu7xvr7e/1080064A.jpg?rlkey=8icsi5r6l2xgc8vhkdohkvru0&st=ieb8xtqr&dl=0,,,,,,,
40,1080065,565,小袋大,アピデ,,―,―,デザイン,終了,―,オモテ,新潟県魚沼,コシヒカリ,3,https://www.dropbox.com/scl/fi/vszdqn7cy55s7jio7nqvx/1080065A.jpg?rlkey=7z9z29q6vrogxzq3e6p66zqwt&st=2ion0j6k&dl=0,,,,,,,
41,1080066,566,小袋小,↑表示,,―,表示,―,終了,―,ウラ,新潟県魚沼,コシヒカリ,3,https://www.dropbox.com/scl/fi/61urgo54lowhgpbdmfww4/1080066A.jpg?rlkey=f8e4pvej2xayqrdbuszq6nm8p&st=7h2m6aic&dl=0,,,,,,,
42,1080067,565,小袋大,アピデ,,―,―,デザイン,終了,―,オモテ,新潟県魚沼,コシヒカリ,4,https://www.dropbox.com/scl/fi/z9lqsohliha99nljhhyz8/1080067A.jpg?rlkey=cxjpr902xnq2r6fnnrroxnt8x&st=bk9vqcub&dl=0,,,,,,,
43,1080068,566,小袋小,↑表示,,―,表示,―,終了,―,ウラ,新潟県魚沼,コシヒカリ,4,https://www.dropbox.com/scl/fi/epakiy0kqi40dsik0yr4t/1080068A.jpg?rlkey=ipr8bf6dosadtpzoyrq44uhjk&st=vtmwdztv&dl=0,,,,,,,
44,1080069,565,小袋大,アピデ,,―,―,デザイン,終了,―,オモテ,新潟県魚沼,コシヒカリ,5,https://www.dropbox.com/scl/fi/dkzjpwnnr16fbeec3m2o6/1080069A.jpg?rlkey=px4fx6cyp1goil3mz3v46j137&st=5u751wp6&dl=0,,,,,,,
45,1080070,566,小袋小,↑表示,,―,表示,―,終了,―,ウラ,新潟県魚沼,コシヒカリ,5,https://www.dropbox.com/scl/fi/ruifmxgjd2e7neop4d3rh/1080070A.jpg?rlkey=tbqq1yabip0po2u8wunmow0op&st=tsv9bhxt&dl=0,,,,,,,
46,1178866,565,小袋大,―,,―,表示,デザイン・ガイド,終了,特栽米,―,兵庫県丹波市,コシヒカリ,3,https://www.dropbox.com/scl/fi/722d5v0ytdflheqej8mlw/1178866A.jpg?rlkey=1arw1inmqjl8ijdqgz1gklwjd&st=xbb82qjd&dl=0,,,,,,,
47,1178867,565,小袋大,―,,―,表示,デザイン・ガイド,終了,特栽米,―,福井県,コシヒカリ,3,https://www.dropbox.com/scl/fi/uie3desn5v0e278g2dvyn/1178867A.jpg?rlkey=2c4m3e383jl2gobo2pavirkwa&st=14pd76c9&dl=0,,,,,,,
48,1258919,594,小袋中,ＪＡ越前たけふ,,―,表示,デザイン,,越南３１５号,―,福井県,越南３１５号,0.3,,,,,,,,
49,1184437,565,小袋大,おすし最適米,,―,表示,デザイン,スポット中心,―,―,福井県,日本晴,0.15,https://www.dropbox.com/scl/fi/o8otkzjsbilm8im7l4vma/1184437A.jpg?rlkey=yptfzq0bviqo0uon5st8brqf3&st=d9c52eu6&dl=0,,,,,,,
50,1258918,594,小袋中,ＪＡ越前たけふ,,―,表示,デザイン,,ハイブリットとうごう４４号,―,福井県,しきゆたか,0.3,,,,,,,,
51,1256031,565,小袋大,ＪＡきたかわ指定,,―,表示,デザイン・ガイド,,高度クリーン・脱酸なし,―,北海道,ななつぼし,2,https://www.dropbox.com/scl/fi/fcs19p1azdk9hie05c2k0/1256031A.jpg?rlkey=3qk9k4oyr28i8ndpj4j1dj1n7&st=dh1gaue0&dl=0,,,,,,,
52,1212344,565,小袋大,ＪＡきたかわ指定,,―,表示,デザイン・ガイド,,高度クリーン・脱酸あり,―,北海道,ななつぼし,2,https://www.dropbox.com/scl/fi/l2mg4i27mx6i9h8o5s4j6/1212344A.jpg?rlkey=2difb3496h9rtk557n0z786s4&st=2fqkdrvd&dl=0,,,,,,,
53,1212344,565,小袋大,ＪＡきたかわ指定,,―,―,デザイン,スポット中心,使用禁止,オモテ,北海道,ななつぼし,2,https://www.dropbox.com/scl/fi/l2mg4i27mx6i9h8o5s4j6/1212344A.jpg?rlkey=2difb3496h9rtk557n0z786s4&st=srxy8rzf&dl=0,,,,,,,
54,1212349,594,小袋中,↑表示・ガイド,,―,表示,ガイドライン,スポット中心,使用禁止,ウラ,北海道,ななつぼし,2,https://www.dropbox.com/scl/fi/5760bvijs79z2zbl5c777/1212349A.jpg?rlkey=g2sjva0su6saxirg13rb4yf76&st=psehedn7&dl=0,,,,,,,
55,1212343,565,小袋大,ＪＡきたかわ指定,,―,表示,デザイン・ガイド,スポット中心,高度クリーン,―,北海道,ななつぼし,5,https://www.dropbox.com/scl/fi/radsw01ycclmd203sv059/1212343A.jpg?rlkey=2oc4mzt95l3b571vkp8a7cjdp&st=ermtlori&dl=0,,,,,,,
56,1212348,594,小袋中,↑表示・ガイド,,―,表示,ガイドライン,スポット中心,使用禁止,ウラ,北海道,ななつぼし,5,https://www.dropbox.com/scl/fi/orb7wwmhqahzjwxy3rqvt/1212348A.jpg?rlkey=8iv112cqspsarvnjqpcqvrghy&st=earcgyan&dl=0,,,,,,,
57,1195368,594,小袋中,金賞健康米,,―,表示,デザイン,企業専用,―,―,北海道,ゆめぴりか,0.3,https://www.dropbox.com/scl/fi/um7k8v19rtkjtn5tg538u/1195368A.jpg?rlkey=gum9azthg5z16w7rqtx06bo10&st=cx0vvjlr&dl=0,,,,,,,
58,1195366,594,小袋中,金賞健康米,,―,表示,デザイン,終了,―,―,北海道,ゆめぴりか,1,https://www.dropbox.com/scl/fi/m5yon1ri5ne0th0e1yo8f/1195366A.jpg?rlkey=4g6kivuheittqhlx5kmai4cwv&st=blzezcne&dl=0,,,,,,,
59,1195365,565,小袋大,金賞健康米,,―,表示,デザイン,終了,―,―,北海道,ゆめぴりか,2,https://www.dropbox.com/scl/fi/ldyxxu2cy28o55gj4ntcn/1195365A.jpg?rlkey=6t98dwbmqkums8o9zrn29mh1y&st=ef7k6ga8&dl=0,,,,,,,
60,1212345,565,小袋大,ＪＡきたかわ指定,,―,―,デザイン,スポット中心,高度クリーン,オモテ,北海道,ゆめぴりか,2,https://www.dropbox.com/scl/fi/y40trs2fsrx2lqcnmx240/1212345A.jpg?rlkey=2qt6tb257ijo4k32l513cy21j&st=lqwww442&dl=0,,,,,,,
61,1212351,594,小袋中,↑表示・ガイド,,―,表示,ガイドライン,スポット中心,―,ウラ,北海道,ゆめぴりか,2,https://www.dropbox.com/scl/fi/zvjeof0mpzgh4kun5s7mb/1212351A.jpg?rlkey=gw2g5y6spft7g7x1od52yi9gm&st=nbqv1orc&dl=0,,,,,,,
62,1227420,565,小袋大,ハッピーバースデイ,,―,―,デザイン,企業専用,高度クリーン,オモテ,北海道,ゆめぴりか,5,https://www.dropbox.com/scl/fi/16g14kd46cj0n4s4vm73c/1227420A.jpg?rlkey=ekkq1ltr40h8nt6hvye6c7vh7&st=q86xdrh7&dl=0,,,,,,,
63,1212352,594,小袋中,↑表示・ガイド,,―,表示,ガイドライン,企業専用,―,ウラ,北海道,ゆめぴりか,5,https://www.dropbox.com/scl/fi/8tny55g4owvmnuftz36a9/1212352A.jpg?rlkey=tg7jrzqlgylxs1ty61xq5kqeu&st=80doy8kf&dl=0,,,,,,,
64,1212346,565,小袋大,ＪＡきたかわ指定,,―,―,デザイン,スポット中心,高度クリーン,オモテ,北海道,ゆめぴりか,5,https://www.dropbox.com/scl/fi/ymdh79eya8lb1gz073ft1/1212346A.jpg?rlkey=wc1ys03dthvj9ogxmtiy8u8fx&st=h6lmtbif&dl=0,,,,,,,
65,1212352,594,小袋中,↑表示・ガイド,,―,表示,ガイドライン,スポット中心,―,ウラ,北海道,ゆめぴりか,5,https://www.dropbox.com/scl/fi/8tny55g4owvmnuftz36a9/1212352A.jpg?rlkey=tg7jrzqlgylxs1ty61xq5kqeu&st=80doy8kf&dl=0,,,,,,,
66,1233867,565,小袋大,石坂さんの旭川,,―,―,デザイン,スポット中心,―,オモテ,北海道旭川市,ゆめぴりか,2,https://www.dropbox.com/scl/fi/7az54utbw1qw7jp804q7a/1233867A.jpg?rlkey=ilf58emjywl3q6v2a9hfe9wd0&st=esqeuhjj&dl=0,,,,,,,
67,1234215,566,小袋小,↑表示,,―,表示,―,スポット中心,―,ウラ,北海道旭川市,ゆめぴりか,2,https://www.dropbox.com/scl/fi/xxnrvploec48bsx1p7hkq/1234215A.jpg?rlkey=cjcrs8v3rogp31pftqsw7i8c4&st=eqxgof5u&dl=0,,,,,,,
68,1232193,594,小袋中,―,,―,表示,デザイン,終了,新米,―,三重県,コシヒカリ,0.3,https://www.dropbox.com/scl/fi/3j7rzt2ffdzuvmzboin4n/1232193A.jpg?rlkey=ew5161ssq9dtjfwdlmfdntqu3&st=4dx0hx2k&dl=0,,,,,,,
69,1233127,565,小袋大,―,,―,表示,デザイン,終了,新米,―,三重県,コシヒカリ,2,https://www.dropbox.com/scl/fi/bx57fdysmayuhk7vnmwr3/1233127A.jpg?rlkey=saxvxapxq8v9za1ryzq9jxvdn&st=xg82ro1x&dl=0,,,,,,,
70,1050605,565,小袋大,玄米食専用,,―,―,デザイン,終了,玄米,オモテ,宮城県,金のいぶき,5,https://www.dropbox.com/scl/fi/9ddhzbxcb7y5ihsdjgx7s/1050605A.jpg?rlkey=e97zbdk93d2nhplmpjwtu9wk0&st=aeoj44zn&dl=0,,,,,,,
71,1050606,565,小袋大,↑表示・ＪＡＮ,,ＪＡＮ,表示,デザイン,終了,―,ウラ,宮城県,金のいぶき,5,https://www.dropbox.com/scl/fi/2roe4qrjrmki1achrwa4k/1050606A.jpg?rlkey=yuk70g983obttl1adsc0qfzxy&st=a4x555q2&dl=0,,,,,,,
72,1245338,566,小袋小,―,,―,表示,―,終了,―,―,山形県,つや姫,3,https://www.dropbox.com/scl/fi/md7q7ke5hbakkkm2q8jx3/1245338A.jpg?rlkey=7wgmdvvmulmtxhq8kbo67ja9a&st=z79hfkt1&dl=0,,,,,,,
73,1220111,594,小袋中,県消県産,,―,表示,デザイン,企業専用,―,―,山口県,コシヒカリ,0.3,https://www.dropbox.com/scl/fi/4izuyunvw8ydr8xlnb65e/1220111A.jpg?rlkey=vylwqerfo0blakiog6qwfjtai&st=24qb8m41&dl=0,,,,,,,
74,1199426,564,丸型小,ウィズオノウェア,,―,―,―,終了,ＷＯＷ,―,―,―,0.3,https://www.dropbox.com/scl/fi/44qnuy05eidau33p5qjv0/1199426A.jpg?rlkey=01f23fb00ygcm125ugfjlknfm&st=tvflakus&dl=0,,,,,,,
75,1243876,566,小袋小,ダスキン,,―,表示,説明文,企業専用,―,―,複数原料米,―,1,,,,,,,,
76,1255943,566,小袋小,ダスキン,,―,表示,説明文,企業専用,―,―,複数原料米,―,1.4,https://www.dropbox.com/scl/fi/mfju0ejkh9oqokluscb5y/1255943A.jpg?rlkey=p7du04jxruc87i3ssmyf39oof&st=2t52ih3i&dl=0,,,,,,,
77,1200802,565,小袋大,新婚さんいらっ米,,―,―,―,企業専用,―,―,―,―,5,https://www.dropbox.com/scl/fi/wdek7kkv8mqihxbb1cpvk/1200802A.jpg?rlkey=mekl0d0n08k0r9aytabyoy99m&st=mcwyt5ze&dl=0,,,,,,,
78,1144252,564,丸型小,感謝を米て（ＮＩＳＳＹ）,,―,―,デザイン,企業専用,―,―,―,―,―,https://www.dropbox.com/scl/fi/iciw9flhgi6z39w3oc6zy/1144252A.jpg?rlkey=8djsfg6deuw4n4e9bk4e5236w&st=k2idxaqn&dl=0,,,,,,,
79,1148311,566,小袋小,ガイドライン一覧,,―,―,―,定番化,ＱＲコード,―,―,―,―,https://www.dropbox.com/scl/fi/74lq3y2danespukwyp1k5/1148311A.jpg?rlkey=wgh1npuf3yjc5856ev8s60z3x&st=d9a2nyq9&dl=0,,,,,,,
80,1163835,565,小袋大,ごはんのお供味ごま,,―,―,―,定番化,―,―,―,―,―,https://www.dropbox.com/scl/fi/gn8ot4j5pdgacr2hbwo0b/1163835A.jpg?rlkey=2phjiiey5i401tx3vr5760b24&st=imbvsz54&dl=0,,,,,,,
81,1212145,594,小袋中,こがね餅（杵つき）,,―,―,―,スポット中心,金澤さん,―,―,―,ー,https://www.dropbox.com/scl/fi/c65qtjs8k7paej5crmpdy/1212145A.jpg?rlkey=et0v6yvil4v6tagt25xb9zl68&st=9276baph&dl=0,,,,,,,
82,1258004,565,小袋大,ＮＴＴ西日本ルセント,,―,―,―,,―,―,―,―,ー,,,,,,,,
,,,,,,,,,,,,,,,,,,,,,,
,,,,,,,,,,,,,,,,,,,,,,
,,,,,,,,,,,,,,,,,,,,,,
,,,,,,,,,,,,,,,,,,,,,,
,,,,,,,,,,,,,,,,,,,,,,
,,,,,,,,,,,,,,,,,,,,,,
,,,,,,,,,,,,,,,,,,,,,,
,,,,,,,,,,,,,,,,,,,,,,
,,,,,,,,,,,,,,,,,,,,,,
,,,,,,,,,,,,,,,,,,,,,,
,,,,,,,,,,,,,,,,,,,,,,
,,,,,,,,,,,,,,,,,,,,,,
,,,,,,,,,,,,,,,,,,,,,,
,,,,,,,,,,,,,,,,,,,,,,
,,,,,,,,,,,,,,,,,,,,,,
,,,,,,,,,,,,,,,,,,,,,,
,,,,,,,,,,,,,,,,,,,,,,
,,,,,,,,,,,,,,,,,,,,,,
,,,,,,,,,,,,,,,,,,,,,,
,,,,,,,,,,,,,,,,,,,,,,
,,,,,,,,,,,,,,,,,,,,,,
,,,,,,,,,,,,,,,,,,,,,,
,,,,,,,,,,,,,,,,,,,,,,
,,,,,,,,,,,,,,,,,,,,,,
,,,,,,,,,,,,,,,,,,,,,,
,,,,,,,,,,,,,,,,,,,,,,
,,,,,,,,,,,,,,,,,,,,,,
,,,,,,,,,,,,,,,,,,,,,,
,,,,,,,,,,,,,,,,,,,,,,
,,,,,,,,,,,,,,,,,,,,,,
,,,,,,,,,,,,,,,,,,,,,,
,,,,,,,,,,,,,,,,,,,,,,
,,,,,,,,,,,,,,,,,,,,,,
,,,,,,,,,,,,,,,,,,,,,,
,,,,,,,,,,,,,,,,,,,,,,
,,,,,,,,,,,,,,,,,,,,,,
,,,,,,,,,,,,,,,,,,,,,,
,,,,,,,,,,,,,,,,,,,,,,
,,,,,,,,,,,,,,,,,,,,,,
,,,,,,,,,,,,,,,,,,,,,,
,,,,,,,,,,,,,,,,,,,,,,
,,,,,,,,,,,,,,,,,,,,,,
,,,,,,,,,,,,,,,,,,,,,,
,,,,,,,,,,,,,,,,,,,,,,
,,,,,,,,,,,,,,,,,,,,,,
,,,,,,,,,,,,,,,,,,,,,,
,,,,,,,,,,,,,,,,,,,,,,
,,,,,,,,,,,,,,,,,,,,,,
,,,,,,,,,,,,,,,,,,,,,,
,,,,,,,,,,,,,,,,,,,,,,
,,,,,,,,,,,,,,,,,,,,,,
,,,,,,,,,,,,,,,,,,,,,,
,,,,,,,,,,,,,,,,,,,,,,
,,,,,,,,,,,,,,,,,,,,,,
,,,,,,,,,,,,,,,,,,,,,,
,,,,,,,,,,,,,,,,,,,,,,
,,,,,,,,,,,,,,,,,,,,,,
,,,,,,,,,,,,,,,,,,,,,,
,,,,,,,,,,,,,,,,,,,,,,
,,,,,,,,,,,,,,,,,,,,,,
,,,,,,,,,,,,,,,,,,,,,,
,,,,,,,,,,,,,,,,,,,,,,
,,,,,,,,,,,,,,,,,,,,,,
,,,,,,,,,,,,,,,,,,,,,,
,,,,,,,,,,,,,,,,,,,,,,
,,,,,,,,,,,,,,,,,,,,,,
,,,,,,,,,,,,,,,,,,,,,,
,,,,,,,,,,,,,,,,,,,,,,
,,,,,,,,,,,,,,,,,,,,,,
,,,,,,,,,,,,,,,,,,,,,,
,,,,,,,,,,,,,,,,,,,,,,
,,,,,,,,,,,,,,,,,,,,,,
,,,,,,,,,,,,,,,,,,,,,,
,,,,,,,,,,,,,,,,,,,,,,
,,,,,,,,,,,,,,,,,,,,,,
,,,,,,,,,,,,,,,,,,,,,,
,,,,,,,,,,,,,,,,,,,,,,
,,,,,,,,,,,,,,,,,,,,,,
,,,,,,,,,,,,,,,,,,,,,,
,,,,,,,,,,,,,,,,,,,,,,
,,,,,,,,,,,,,,,,,,,,,,
,,,,,,,,,,,,,,,,,,,,,,
,,,,,,,,,,,,,,,,,,,,,,
,,,,,,,,,,,,,,,,,,,,,,
,,,,,,,,,,,,,,,,,,,,,,
,,,,,,,,,,,,,,,,,,,,,,
,,,,,,,,,,,,,,,,,,,,,,
,,,,,,,,,,,,,,,,,,,,,,
,,,,,,,,,,,,,,,,,,,,,,
,,,,,,,,,,,,,,,,,,,,,,
,,,,,,,,,,,,,,,,,,,,,,
,,,,,,,,,,,,,,,,,,,,,,
,,,,,,,,,,,,,,,,,,,,,,
,,,,,,,,,,,,,,,,,,,,,,
,,,,,,,,,,,,,,,,,,,,,,
,,,,,,,,,,,,,,,,,,,,,,
,,,,,,,,,,,,,,,,,,,,,,
,,,,,,,,,,,,,,,,,,,,,,
,,,,,,,,,,,,,,,,,,,,,,
,,,,,,,,,,,,,,,,,,,,,,
,,,,,,,,,,,,,,,,,,,,,,
,,,,,,,,,,,,,,,,,,,,,,
,,,,,,,,,,,,,,,,,,,,,,
,,,,,,,,,,,,,,,,,,,,,,
,,,,,,,,,,,,,,,,,,,,,,
,,,,,,,,,,,,,,,,,,,,,,
,,,,,,,,,,,,,,,,,,,,,,
,,,,,,,,,,,,,,,,,,,,,,
,,,,,,,,,,,,,,,,,,,,,,
,,,,,,,,,,,,,,,,,,,,,,
,,,,,,,,,,,,,,,,,,,,,,
,,,,,,,,,,,,,,,,,,,,,,
,,,,,,,,,,,,,,,,,,,,,,
,,,,,,,,,,,,,,,,,,,,,,
,,,,,,,,,,,,,,,,,,,,,,
,,,,,,,,,,,,,,,,,,,,,,
,,,,,,,,,,,,,,,,,,,,,,
,,,,,,,,,,,,,,,,,,,,,,
,,,,,,,,,,,,,,,,,,,,,,
,,,,,,,,,,,,,,,,,,,,,,
,,,,,,,,,,,,,,,,,,,,,,
,,,,,,,,,,,,,,,,,,,,,,
,,,,,,,,,,,,,,,,,,,,,,
,,,,,,,,,,,,,,,,,,,,,,
,,,,,,,,,,,,,,,,,,,,,,
,,,,,,,,,,,,,,,,,,,,,,
,,,,,,,,,,,,,,,,,,,,,,
,,,,,,,,,,,,,,,,,,,,,,
,,,,,,,,,,,,,,,,,,,,,,
,,,,,,,,,,,,,,,,,,,,,,
,,,,,,,,,,,,,,,,,,,,,,
,,,,,,,,,,,,,,,,,,,,,,
,,,,,,,,,,,,,,,,,,,,,,
,,,,,,,,,,,,,,,,,,,,,,
,,,,,,,,,,,,,,,,,,,,,,
,,,,,,,,,,,,,,,,,,,,,,
,,,,,,,,,,,,,,,,,,,,,,
,,,,,,,,,,,,,,,,,,,,,,
,,,,,,,,,,,,,,,,,,,,,,
,,,,,,,,,,,,,,,,,,,,,,
,,,,,,,,,,,,,,,,,,,,,,
,,,,,,,,,,,,,,,,,,,,,,
,,,,,,,,,,,,,,,,,,,,,,
,,,,,,,,,,,,,,,,,,,,,,
,,,,,,,,,,,,,,,,,,,,,,
,,,,,,,,,,,,,,,,,,,,,,
,,,,,,,,,,,,,,,,,,,,,,
,,,,,,,,,,,,,,,,,,,,,,
,,,,,,,,,,,,,,,,,,,,,,
,,,,,,,,,,,,,,,,,,,,,,
,,,,,,,,,,,,,,,,,,,,,,
,,,,,,,,,,,,,,,,,,,,,,
,,,,,,,,,,,,,,,,,,,,,,
,,,,,,,,,,,,,,,,,,,,,,
,,,,,,,,,,,,,,,,,,,,,,
,,,,,,,,,,,,,,,,,,,,,,
,,,,,,,,,,,,,,,,,,,,,,
,,,,,,,,,,,,,,,,,,,,,,
,,,,,,,,,,,,,,,,,,,,,,
,,,,,,,,,,,,,,,,,,,,,,
,,,,,,,,,,,,,,,,,,,,,,
,,,,,,,,,,,,,,,,,,,,,,
,,,,,,,,,,,,,,,,,,,,,,
,,,,,,,,,,,,,,,,,,,,,,
,,,,,,,,,,,,,,,,,,,,,,
,,,,,,,,,,,,,,,,,,,,,,
,,,,,,,,,,,,,,,,,,,,,,
,,,,,,,,,,,,,,,,,,,,,,
,,,,,,,,,,,,,,,,,,,,,,
,,,,,,,,,,,,,,,,,,,,,,
,,,,,,,,,,,,,,,,,,,,,,
,,,,,,,,,,,,,,,,,,,,,,
,,,,,,,,,,,,,,,,,,,,,,
,,,,,,,,,,,,,,,,,,,,,,
,,,,,,,,,,,,,,,,,,,,,,
,,,,,,,,,,,,,,,,,,,,,,
,,,,,,,,,,,,,,,,,,,,,,
,,,,,,,,,,,,,,,,,,,,,,
,,,,,,,,,,,,,,,,,,,,,,
,,,,,,,,,,,,,,,,,,,,,,
,,,,,,,,,,,,,,,,,,,,,,
,,,,,,,,,,,,,,,,,,,,,,
,,,,,,,,,,,,,,,,,,,,,,
,,,,,,,,,,,,,,,,,,,,,,
,,,,,,,,,,,,,,,,,,,,,,
,,,,,,,,,,,,,,,,,,,,,,
,,,,,,,,,,,,,,,,,,,,,,
,,,,,,,,,,,,,,,,,,,,,,
,,,,,,,,,,,,,,,,,,,,,,
,,,,,,,,,,,,,,,,,,,,,,
,,,,,,,,,,,,,,,,,,,,,,
,,,,,,,,,,,,,,,,,,,,,,
,,,,,,,,,,,,,,,,,,,,,,
,,,,,,,,,,,,,,,,,,,,,,
,,,,,,,,,,,,,,,,,,,,,,
,,,,,,,,,,,,,,,,,,,,,,
,,,,,,,,,,,,,,,,,,,,,,
,,,,,,,,,,,,,,,,,,,,,,
,,,,,,,,,,,,,,,,,,,,,,
,,,,,,,,,,,,,,,,,,,,,,
,,,,,,,,,,,,,,,,,,,,,,
,,,,,,,,,,,,,,,,,,,,,,
,,,,,,,,,,,,,,,,,,,,,,
,,,,,,,,,,,,,,,,,,,,,,
,,,,,,,,,,,,,,,,,,,,,,
,,,,,,,,,,,,,,,,,,,,,,
,,,,,,,,,,,,,,,,,,,,,,
,,,,,,,,,,,,,,,,,,,,,,
,,,,,,,,,,,,,,,,,,,,,,
,,,,,,,,,,,,,,,,,,,,,,
,,,,,,,,,,,,,,,,,,,,,,
,,,,,,,,,,,,,,,,,,,,,,
,,,,,,,,,,,,,,,,,,,,,,
,,,,,,,,,,,,,,,,,,,,,,
,,,,,,,,,,,,,,,,,,,,,,
,,,,,,,,,,,,,,,,,,,,,,
,,,,,,,,,,,,,,,,,,,,,,
,,,,,,,,,,,,,,,,,,,,,,
,,,,,,,,,,,,,,,,,,,,,,
,,,,,,,,,,,,,,,,,,,,,,
,,,,,,,,,,,,,,,,,,,,,,
,,,,,,,,,,,,,,,,,,,,,,
,,,,,,,,,,,,,,,,,,,,,,
,,,,,,,,,,,,,,,,,,,,,,
,,,,,,,,,,,,,,,,,,,,,,
,,,,,,,,,,,,,,,,,,,,,,
,,,,,,,,,,,,,,,,,,,,,,
,,,,,,,,,,,,,,,,,,,,,,
,,,,,,,,,,,,,,,,,,,,,,
,,,,,,,,,,,,,,,,,,,,,,
,,,,,,,,,,,,,,,,,,,,,,
,,,,,,,,,,,,,,,,,,,,,,
,,,,,,,,,,,,,,,,,,,,,,
,,,,,,,,,,,,,,,,,,,,,,
,,,,,,,,,,,,,,,,,,,,,,
,,,,,,,,,,,,,,,,,,,,,,
,,,,,,,,,,,,,,,,,,,,,,
,,,,,,,,,,,,,,,,,,,,,,
,,,,,,,,,,,,,,,,,,,,,,
,,,,,,,,,,,,,,,,,,,,,,
,,,,,,,,,,,,,,,,,,,,,,
,,,,,,,,,,,,,,,,,,,,,,
,,,,,,,,,,,,,,,,,,,,,,
,,,,,,,,,,,,,,,,,,,,,,
,,,,,,,,,,,,,,,,,,,,,,
,,,,,,,,,,,,,,,,,,,,,,
,,,,,,,,,,,,,,,,,,,,,,
,,,,,,,,,,,,,,,,,,,,,,
,,,,,,,,,,,,,,,,,,,,,,
,,,,,,,,,,,,,,,,,,,,,,
,,,,,,,,,,,,,,,,,,,,,,
,,,,,,,,,,,,,,,,,,,,,,
,,,,,,,,,,,,,,,,,,,,,,
,,,,,,,,,,,,,,,,,,,,,,
,,,,,,,,,,,,,,,,,,,,,,
,,,,,,,,,,,,,,,,,,,,,,
,,,,,,,,,,,,,,,,,,,,,,
,,,,,,,,,,,,,,,,,,,,,,
,,,,,,,,,,,,,,,,,,,,,,
,,,,,,,,,,,,,,,,,,,,,,
,,,,,,,,,,,,,,,,,,,,,,
,,,,,,,,,,,,,,,,,,,,,,
,,,,,,,,,,,,,,,,,,,,,,
,,,,,,,,,,,,,,,,,,,,,,
,,,,,,,,,,,,,,,,,,,,,,
,,,,,,,,,,,,,,,,,,,,,,
,,,,,,,,,,,,,,,,,,,,,,
,,,,,,,,,,,,,,,,,,,,,,
,,,,,,,,,,,,,,,,,,,,,,
,,,,,,,,,,,,,,,,,,,,,,
,,,,,,,,,,,,,,,,,,,,,,
,,,,,,,,,,,,,,,,,,,,,,
,,,,,,,,,,,,,,,,,,,,,,
,,,,,,,,,,,,,,,,,,,,,,
,,,,,,,,,,,,,,,,,,,,,,
,,,,,,,,,,,,,,,,,,,,,,
,,,,,,,,,,,,,,,,,,,,,,
,,,,,,,,,,,,,,,,,,,,,,
,,,,,,,,,,,,,,,,,,,,,,
,,,,,,,,,,,,,,,,,,,,,,
,,,,,,,,,,,,,,,,,,,,,,
,,,,,,,,,,,,,,,,,,,,,,
,,,,,,,,,,,,,,,,,,,,,,
,,,,,,,,,,,,,,,,,,,,,,
,,,,,,,,,,,,,,,,,,,,,,
,,,,,,,,,,,,,,,,,,,,,,
,,,,,,,,,,,,,,,,,,,,,,
,,,,,,,,,,,,,,,,,,,,,,
,,,,,,,,,,,,,,,,,,,,,,
,,,,,,,,,,,,,,,,,,,,,,
,,,,,,,,,,,,,,,,,,,,,,
,,,,,,,,,,,,,,,,,,,,,,
,,,,,,,,,,,,,,,,,,,,,,
,,,,,,,,,,,,,,,,,,,,,,
,,,,,,,,,,,,,,,,,,,,,,
,,,,,,,,,,,,,,,,,,,,,,
,,,,,,,,,,,,,,,,,,,,,,
,,,,,,,,,,,,,,,,,,,,,,
,,,,,,,,,,,,,,,,,,,,,,
,,,,,,,,,,,,,,,,,,,,,,
,,,,,,,,,,,,,,,,,,,,,,
,,,,,,,,,,,,,,,,,,,,,,
,,,,,,,,,,,,,,,,,,,,,,
,,,,,,,,,,,,,,,,,,,,,,
,,,,,,,,,,,,,,,,,,,,,,
,,,,,,,,,,,,,,,,,,,,,,
,,,,,,,,,,,,,,,,,,,,,,
,,,,,,,,,,,,,,,,,,,,,,
,,,,,,,,,,,,,,,,,,,,,,
,,,,,,,,,,,,,,,,,,,,,,
,,,,,,,,,,,,,,,,,,,,,,
,,,,,,,,,,,,,,,,,,,,,,
,,,,,,,,,,,,,,,,,,,,,,
,,,,,,,,,,,,,,,,,,,,,,
,,,,,,,,,,,,,,,,,,,,,,
,,,,,,,,,,,,,,,,,,,,,,
,,,,,,,,,,,,,,,,,,,,,,
,,,,,,,,,,,,,,,,,,,,,,
,,,,,,,,,,,,,,,,,,,,,,
,,,,,,,,,,,,,,,,,,,,,,
,,,,,,,,,,,,,,,,,,,,,,
,,,,,,,,,,,,,,,,,,,,,,
,,,,,,,,,,,,,,,,,,,,,,
,,,,,,,,,,,,,,,,,,,,,,
,,,,,,,,,,,,,,,,,,,,,,
,,,,,,,,,,,,,,,,,,,,,,
,,,,,,,,,,,,,,,,,,,,,,
,,,,,,,,,,,,,,,,,,,,,,
,,,,,,,,,,,,,,,,,,,,,,
,,,,,,,,,,,,,,,,,,,,,,
,,,,,,,,,,,,,,,,,,,,,,
,,,,,,,,,,,,,,,,,,,,,,
,,,,,,,,,,,,,,,,,,,,,,
,,,,,,,,,,,,,,,,,,,,,,
,,,,,,,,,,,,,,,,,,,,,,
,,,,,,,,,,,,,,,,,,,,,,
,,,,,,,,,,,,,,,,,,,,,,
,,,,,,,,,,,,,,,,,,,,,,
,,,,,,,,,,,,,,,,,,,,,,
,,,,,,,,,,,,,,,,,,,,,,
,,,,,,,,,,,,,,,,,,,,,,
,,,,,,,,,,,,,,,,,,,,,,
,,,,,,,,,,,,,,,,,,,,,,
,,,,,,,,,,,,,,,,,,,,,,
,,,,,,,,,,,,,,,,,,,,,,
,,,,,,,,,,,,,,,,,,,,,,
,,,,,,,,,,,,,,,,,,,,,,
,,,,,,,,,,,,,,,,,,,,,,
,,,,,,,,,,,,,,,,,,,,,,
,,,,,,,,,,,,,,,,,,,,,,
,,,,,,,,,,,,,,,,,,,,,,
,,,,,,,,,,,,,,,,,,,,,,
,,,,,,,,,,,,,,,,,,,,,,
,,,,,,,,,,,,,,,,,,,,,,
,,,,,,,,,,,,,,,,,,,,,,
,,,,,,,,,,,,,,,,,,,,,,
,,,,,,,,,,,,,,,,,,,,,,
,,,,,,,,,,,,,,,,,,,,,,
,,,,,,,,,,,,,,,,,,,,,,
,,,,,,,,,,,,,,,,,,,,,,
,,,,,,,,,,,,,,,,,,,,,,
,,,,,,,,,,,,,,,,,,,,,,
,,,,,,,,,,,,,,,,,,,,,,
,,,,,,,,,,,,,,,,,,,,,,
,,,,,,,,,,,,,,,,,,,,,,
,,,,,,,,,,,,,,,,,,,,,,
,,,,,,,,,,,,,,,,,,,,,,
,,,,,,,,,,,,,,,,,,,,,,
,,,,,,,,,,,,,,,,,,,,,,
,,,,,,,,,,,,,,,,,,,,,,
,,,,,,,,,,,,,,,,,,,,,,
,,,,,,,,,,,,,,,,,,,,,,
,,,,,,,,,,,,,,,,,,,,,,
,,,,,,,,,,,,,,,,,,,,,,
,,,,,,,,,,,,,,,,,,,,,,
,,,,,,,,,,,,,,,,,,,,,,
,,,,,,,,,,,,,,,,,,,,,,
,,,,,,,,,,,,,,,,,,,,,,
,,,,,,,,,,,,,,,,,,,,,,
,,,,,,,,,,,,,,,,,,,,,,
,,,,,,,,,,,,,,,,,,,,,,
,,,,,,,,,,,,,,,,,,,,,,
,,,,,,,,,,,,,,,,,,,,,,
,,,,,,,,,,,,,,,,,,,,,,
,,,,,,,,,,,,,,,,,,,,,,
,,,,,,,,,,,,,,,,,,,,,,
,,,,,,,,,,,,,,,,,,,,,,
,,,,,,,,,,,,,,,,,,,,,,
,,,,,,,,,,,,,,,,,,,,,,
,,,,,,,,,,,,,,,,,,,,,,
,,,,,,,,,,,,,,,,,,,,,,
,,,,,,,,,,,,,,,,,,,,,,
,,,,,,,,,,,,,,,,,,,,,,
,,,,,,,,,,,,,,,,,,,,,,
,,,,,,,,,,,,,,,,,,,,,,
,,,,,,,,,,,,,,,,,,,,,,
,,,,,,,,,,,,,,,,,,,,,,
,,,,,,,,,,,,,,,,,,,,,,
,,,,,,,,,,,,,,,,,,,,,,
,,,,,,,,,,,,,,,,,,,,,,
,,,,,,,,,,,,,,,,,,,,,,
,,,,,,,,,,,,,,,,,,,,,,
,,,,,,,,,,,,,,,,,,,,,,
,,,,,,,,,,,,,,,,,,,,,,
,,,,,,,,,,,,,,,,,,,,,,
,,,,,,,,,,,,,,,,,,,,,,
,,,,,,,,,,,,,,,,,,,,,,
,,,,,,,,,,,,,,,,,,,,,,
,,,,,,,,,,,,,,,,,,,,,,
,,,,,,,,,,,,,,,,,,,,,,
,,,,,,,,,,,,,,,,,,,,,,
,,,,,,,,,,,,,,,,,,,,,,
,,,,,,,,,,,,,,,,,,,,,,
,,,,,,,,,,,,,,,,,,,,,,
,,,,,,,,,,,,,,,,,,,,,,
,,,,,,,,,,,,,,,,,,,,,,
,,,,,,,,,,,,,,,,,,,,,,
,,,,,,,,,,,,,,,,,,,,,,
,,,,,,,,,,,,,,,,,,,,,,
,,,,,,,,,,,,,,,,,,,,,,
,,,,,,,,,,,,,,,,,,,,,,
,,,,,,,,,,,,,,,,,,,,,,
,,,,,,,,,,,,,,,,,,,,,,
,,,,,,,,,,,,,,,,,,,,,,
,,,,,,,,,,,,,,,,,,,,,,
,,,,,,,,,,,,,,,,,,,,,,
,,,,,,,,,,,,,,,,,,,,,,
,,,,,,,,,,,,,,,,,,,,,,
,,,,,,,,,,,,,,,,,,,,,,
,,,,,,,,,,,,,,,,,,,,,,
,,,,,,,,,,,,,,,,,,,,,,
,,,,,,,,,,,,,,,,,,,,,,
,,,,,,,,,,,,,,,,,,,,,,
,,,,,,,,,,,,,,,,,,,,,,
,,,,,,,,,,,,,,,,,,,,,,
,,,,,,,,,,,,,,,,,,,,,,
,,,,,,,,,,,,,,,,,,,,,,
,,,,,,,,,,,,,,,,,,,,,,
,,,,,,,,,,,,,,,,,,,,,,
,,,,,,,,,,,,,,,,,,,,,,
,,,,,,,,,,,,,,,,,,,,,,
,,,,,,,,,,,,,,,,,,,,,,
,,,,,,,,,,,,,,,,,,,,,,
,,,,,,,,,,,,,,,,,,,,,,
,,,,,,,,,,,,,,,,,,,,,,
,,,,,,,,,,,,,,,,,,,,,,
,,,,,,,,,,,,,,,,,,,,,,
,,,,,,,,,,,,,,,,,,,,,,
,,,,,,,,,,,,,,,,,,,,,,
,,,,,,,,,,,,,,,,,,,,,,
,,,,,,,,,,,,,,,,,,,,,,
,,,,,,,,,,,,,,,,,,,,,,
,,,,,,,,,,,,,,,,,,,,,,
,,,,,,,,,,,,,,,,,,,,,,
,,,,,,,,,,,,,,,,,,,,,,
,,,,,,,,,,,,,,,,,,,,,,
,,,,,,,,,,,,,,,,,,,,,,
,,,,,,,,,,,,,,,,,,,,,,
,,,,,,,,,,,,,,,,,,,,,,
,,,,,,,,,,,,,,,,,,,,,,
,,,,,,,,,,,,,,,,,,,,,,
,,,,,,,,,,,,,,,,,,,,,,
,,,,,,,,,,,,,,,,,,,,,,
,,,,,,,,,,,,,,,,,,,,,,
,,,,,,,,,,,,,,,,,,,,,,
,,,,,,,,,,,,,,,,,,,,,,
,,,,,,,,,,,,,,,,,,,,,,
,,,,,,,,,,,,,,,,,,,,,,
,,,,,,,,,,,,,,,,,,,,,,
,,,,,,,,,,,,,,,,,,,,,,
,,,,,,,,,,,,,,,,,,,,,,
,,,,,,,,,,,,,,,,,,,,,,
,,,,,,,,,,,,,,,,,,,,,,
,,,,,,,,,,,,,,,,,,,,,,
,,,,,,,,,,,,,,,,,,,,,,
,,,,,,,,,,,,,,,,,,,,,,
,,,,,,,,,,,,,,,,,,,,,,
,,,,,,,,,,,,,,,,,,,,,,
,,,,,,,,,,,,,,,,,,,,,,
,,,,,,,,,,,,,,,,,,,,,,
,,,,,,,,,,,,,,,,,,,,,,
,,,,,,,,,,,,,,,,,,,,,,
,,,,,,,,,,,,,,,,,,,,,,
,,,,,,,,,,,,,,,,,,,,,,
,,,,,,,,,,,,,,,,,,,,,,
,,,,,,,,,,,,,,,,,,,,,,
,,,,,,,,,,,,,,,,,,,,,,
,,,,,,,,,,,,,,,,,,,,,,
,,,,,,,,,,,,,,,,,,,,,,
,,,,,,,,,,,,,,,,,,,,,,
,,,,,,,,,,,,,,,,,,,,,,
,,,,,,,,,,,,,,,,,,,,,,
,,,,,,,,,,,,,,,,,,,,,,
,,,,,,,,,,,,,,,,,,,,,,
,,,,,,,,,,,,,,,,,,,,,,
,,,,,,,,,,,,,,,,,,,,,,
,,,,,,,,,,,,,,,,,,,,,,
,,,,,,,,,,,,,,,,,,,,,,
,,,,,,,,,,,,,,,,,,,,,,
,,,,,,,,,,,,,,,,,,,,,,
,,,,,,,,,,,,,,,,,,,,,,
,,,,,,,,,,,,,,,,,,,,,,
,,,,,,,,,,,,,,,,,,,,,,
,,,,,,,,,,,,,,,,,,,,,,
,,,,,,,,,,,,,,,,,,,,,,
,,,,,,,,,,,,,,,,,,,,,,
,,,,,,,,,,,,,,,,,,,,,,
,,,,,,,,,,,,,,,,,,,,,,
,,,,,,,,,,,,,,,,,,,,,,
,,,,,,,,,,,,,,,,,,,,,,
,,,,,,,,,,,,,,,,,,,,,,
,,,,,,,,,,,,,,,,,,,,,,
,,,,,,,,,,,,,,,,,,,,,,
,,,,,,,,,,,,,,,,,,,,,,
,,,,,,,,,,,,,,,,,,,,,,
,,,,,,,,,,,,,,,,,,,,,,
,,,,,,,,,,,,,,,,,,,,,,
,,,,,,,,,,,,,,,,,,,,,,
,,,,,,,,,,,,,,,,,,,,,,
,,,,,,,,,,,,,,,,,,,,,,
,,,,,,,,,,,,,,,,,,,,,,
,,,,,,,,,,,,,,,,,,,,,,
,,,,,,,,,,,,,,,,,,,,,,
,,,,,,,,,,,,,,,,,,,,,,
,,,,,,,,,,,,,,,,,,,,,,
,,,,,,,,,,,,,,,,,,,,,,
,,,,,,,,,,,,,,,,,,,,,,
,,,,,,,,,,,,,,,,,,,,,,
,,,,,,,,,,,,,,,,,,,,,,
,,,,,,,,,,,,,,,,,,,,,,
,,,,,,,,,,,,,,,,,,,,,,
,,,,,,,,,,,,,,,,,,,,,,
,,,,,,,,,,,,,,,,,,,,,,
,,,,,,,,,,,,,,,,,,,,,,
,,,,,,,,,,,,,,,,,,,,,,
,,,,,,,,,,,,,,,,,,,,,,
,,,,,,,,,,,,,,,,,,,,,,
,,,,,,,,,,,,,,,,,,,,,,
,,,,,,,,,,,,,,,,,,,,,,
,,,,,,,,,,,,,,,,,,,,,,
,,,,,,,,,,,,,,,,,,,,,,
,,,,,,,,,,,,,,,,,,,,,,
,,,,,,,,,,,,,,,,,,,,,,
,,,,,,,,,,,,,,,,,,,,,,
,,,,,,,,,,,,,,,,,,,,,,
,,,,,,,,,,,,,,,,,,,,,,
,,,,,,,,,,,,,,,,,,,,,,
,,,,,,,,,,,,,,,,,,,,,,
,,,,,,,,,,,,,,,,,,,,,,
,,,,,,,,,,,,,,,,,,,,,,
,,,,,,,,,,,,,,,,,,,,,,
,,,,,,,,,,,,,,,,,,,,,,
,,,,,,,,,,,,,,,,,,,,,,
,,,,,,,,,,,,,,,,,,,,,,
,,,,,,,,,,,,,,,,,,,,,,
,,,,,,,,,,,,,,,,,,,,,,
,,,,,,,,,,,,,,,,,,,,,,
,,,,,,,,,,,,,,,,,,,,,,
,,,,,,,,,,,,,,,,,,,,,,
,,,,,,,,,,,,,,,,,,,,,,
,,,,,,,,,,,,,,,,,,,,,,
,,,,,,,,,,,,,,,,,,,,,,
,,,,,,,,,,,,,,,,,,,,,,
,,,,,,,,,,,,,,,,,,,,,,
,,,,,,,,,,,,,,,,,,,,,,
,,,,,,,,,,,,,,,,,,,,,,
,,,,,,,,,,,,,,,,,,,,,,
,,,,,,,,,,,,,,,,,,,,,,
,,,,,,,,,,,,,,,,,,,,,,
,,,,,,,,,,,,,,,,,,,,,,
